OBJECTID,Join_Count,TARGET_FID,site_name,avulsion_year,z_p95_q,zlog_p95_q,z_mean_q,zlog_mean_q,z_flood_dur,zlog_flood_dur,av_type,site_area,site_lat,site_lon,country,continent,identity,climate
1,1,1,A001,1987,2.143494915,1.443076436,2.507279903,1.904714881,1.711281085,1.05445139,fan,South America,3.7427,-73.5485,Colombia,South America,04be7e87-ae6f-b2b8-37ac-7bdc06905d81,Cfb Temperate-Withouth_dry_season-Warm_Summer
2,1,2,A002,1987,1.202725768,1.188198757,1.715324185,1.505290987,1.91690053,1.310027182,fan,South America,4.0451,-73.7608,Colombia,South America,04be7e87-ae6f-b2b8-37ac-7bdc06905d81,Cfb Temperate-Withouth_dry_season-Warm_Summer
3,1,3,A004,2002,-0.726015618,-0.664092723,-0.87646736,-0.903622688,-0.752033952,-1.162990766,fan,South America,3.9769,-73.3943,Colombia,South America,04be7e87-ae6f-b2b8-37ac-7bdc06905d81,Cfb Temperate-Withouth_dry_season-Warm_Summer
4,1,4,A005,1993,-0.24947758,-0.008428693,0.086259446,0.353903408,-0.684279313,-1.02708886,fan,South America,4.563,-73.3485,Colombia,South America,151ea730-cf59-3993-2822-142fbecef3f1,Csb Temperate-Dry_Summer-Warm_Summer
5,1,5,A006,1985,1.860593203,1.467227217,2.044509723,1.671379039,2.446693727,1.298143561,fan,South America,5.1513,-72.5446,Colombia,South America,c192e5df-4a2b-c36c-c448-85513a99548b,ET Polar-Tundra
6,1,6,A009,1991,1.081106108,0.868584728,1.715373994,1.324287244,1.942914251,1.194030555,fan,South America,7.2251,-71.9329,Venezuela,South America,7669d730-1a70-5abd-37c2-bdf0cd794339,BWk Arid-Desert-Cold
7,1,7,A012,2006,0.150554369,0.230844163,0.053622011,0.151648885,0.215602747,0.631117517,fan,South America,7.4123,-68.5536,Venezuela,South America,2b1472a7-3382-b2a9-6914-fb6b93bb6460,Am Tropical-Monsoon
8,1,8,A014,2005,0.403980304,0.419448672,0.303406264,0.353525636,0.817065475,0.884874453,fan,South America,7.0341,-72.0334,Colombia,South America,7669d730-1a70-5abd-37c2-bdf0cd794339,BWk Arid-Desert-Cold
9,1,9,A015,1998,1.382707349,1.017682286,0.98963189,0.872237398,1.672432773,1.118629974,fan,South America,7.0836,-71.9672,Venezuela,South America,7669d730-1a70-5abd-37c2-bdf0cd794339,BWk Arid-Desert-Cold
10,1,10,A016,1995,0.13229267,0.228801809,0.87524003,0.790116157,0.150569276,0.614047494,fan,South America,7.0066,-71.9253,Venezuela,South America,7669d730-1a70-5abd-37c2-bdf0cd794339,BWk Arid-Desert-Cold
11,1,11,A017,1991,1.458910587,1.058181846,2.181791923,1.641126267,2.422683479,1.277047922,fan,South America,7.0677,-71.882,Venezuela,South America,bbe39545-ca5b-020c-b0de-8b6c9ef411ae,BSk Arid-Steppe-Cold
12,1,12,A018,1997,-0.632012175,-0.570680858,-0.342680598,-0.189422483,-0.706795129,-0.451397216,fan,South America,3.7613,-73.8341,Colombia,South America,04be7e87-ae6f-b2b8-37ac-7bdc06905d81,Cfb Temperate-Withouth_dry_season-Warm_Summer
13,1,13,A020,1989,0.923036366,0.742240066,0.7747543,0.697470618,1.055299366,0.975934182,fan,South America,7.1738,-71.3719,Venezuela,South America,8d027208-7c46-c50b-2f7e-655170bb3451,Cwb Temperate-Dry_Winter-Warm_Summer
14,1,14,A022,1992,0.520195884,0.681424687,1.818550621,1.714342455,1.874111702,1.109047364,fan,South America,-15.871,-66.3614,Bolivia,South America,2b1472a7-3382-b2a9-6914-fb6b93bb6460,Am Tropical-Monsoon
15,1,15,A023,1999,-0.315085175,-0.25715652,0.056206507,0.162564298,-0.368679768,0.242278878,fan,South America,-15.7994,-66.3647,Bolivia,South America,2b1472a7-3382-b2a9-6914-fb6b93bb6460,Am Tropical-Monsoon
16,1,16,A024,1998,-0.46146075,-0.448821654,-0.004013751,0.098067567,-0.746699285,-0.221479956,fan,South America,-16.0667,-66.1576,Bolivia,South America,2b1472a7-3382-b2a9-6914-fb6b93bb6460,Am Tropical-Monsoon
17,1,17,A025,1991,0.605521938,0.766183305,1.144053342,1.179373364,1.874505861,1.104437706,fan,South America,-15.8841,-65.8525,Bolivia,South America,2b1472a7-3382-b2a9-6914-fb6b93bb6460,Am Tropical-Monsoon
18,1,18,A026,2002,-0.734381184,-0.73907462,-0.7885376,-0.769954794,-0.74541375,-0.41163747,fan,South America,-17.2135,-64.8638,Bolivia,South America,2b1472a7-3382-b2a9-6914-fb6b93bb6460,Am Tropical-Monsoon
19,1,19,A027,1991,1.090438388,1.123858963,1.324391073,1.28382803,1.248158559,1.109916476,fan,South America,-17.3709,-64.2165,Bolivia,South America,47a2fa26-2c4f-9487-37ae-a70e275616f2,Aw Tropical-Savanna
20,1,20,A028,1993,0.312049956,0.463262026,1.992414511,1.725618674,1.770888741,1.17555277,fan,South America,-17.4236,-64.1347,Bolivia,South America,47a2fa26-2c4f-9487-37ae-a70e275616f2,Aw Tropical-Savanna
21,1,21,A030,2002,-0.857114274,-0.88611075,-0.551398086,-0.488357812,-0.84560974,-1.221468845,fan,South America,-17.3597,-64.2268,Bolivia,South America,47a2fa26-2c4f-9487-37ae-a70e275616f2,Aw Tropical-Savanna
22,1,22,A035,1994,-0.254420249,-0.192540223,-0.174501826,-0.116418162,-0.123434206,0.463798381,fan,South America,-16.2747,-65.2037,Bolivia,South America,2b1472a7-3382-b2a9-6914-fb6b93bb6460,Am Tropical-Monsoon
23,1,23,A037,1990,-0.088603144,0.049029374,-0.07153659,0.026445683,-0.184508842,0.492755183,fan,South America,-17.3139,-64.6131,Bolivia,South America,47a2fa26-2c4f-9487-37ae-a70e275616f2,Aw Tropical-Savanna
24,1,24,A042,1995,1.376081131,1.433193578,1.201559184,1.227619029,1.958185167,1.201085922,fan,South America,-16.9553,-65.3332,Bolivia,South America,2b1472a7-3382-b2a9-6914-fb6b93bb6460,Am Tropical-Monsoon
25,1,25,A044,1991,2.36779552,1.814339485,2.366972632,1.951691375,2.557414932,1.296569798,fan,South America,-23.0778,-64.3191,Argentina,South America,92495798-fb98-b04e-443c-9fd676453b09,Cwa Temperate-Dry_Winter-Hot_Summer
26,1,26,A045,1992,1.111445505,1.116545986,1.175424526,1.139686459,1.860774804,1.122628503,fan,South America,-17.0743,-62.9938,Bolivia,South America,47a2fa26-2c4f-9487-37ae-a70e275616f2,Aw Tropical-Savanna
27,1,27,A047,2002,-0.511625105,-0.330377528,-0.729705802,-0.592401988,-0.955868695,-1.318785064,fan,South America,7.5564,-72.0621,Venezuela,South America,ceebcc03-341d-7c91-5d26-f28c3d930f14,BWh Arid-Desert-Hot
28,1,28,A048,2000,-0.714352804,-0.77516815,-0.448429899,-0.405423036,-0.793657676,-0.381881692,fan,South America,-16.3221,-65.8369,Bolivia,South America,2b1472a7-3382-b2a9-6914-fb6b93bb6460,Am Tropical-Monsoon
29,1,29,A049,1992,1.11236915,1.11661351,1.176148999,1.13999302,1.855566235,1.11840059,fan,South America,-16.969,-62.998,Bolivia,South America,47a2fa26-2c4f-9487-37ae-a70e275616f2,Aw Tropical-Savanna
30,1,30,A050,1987,-0.743781643,-0.729466965,-0.934437681,-0.953925299,-0.864977825,-1.209044686,fan,South America,-17.3124,-64.2018,Bolivia,South America,47a2fa26-2c4f-9487-37ae-a70e275616f2,Aw Tropical-Savanna
31,1,31,A051,1998,0.020897388,0.183668726,-0.353398737,-0.200012533,-0.014958822,0.490635163,fan,South America,7.5577,-72.0744,Venezuela,South America,ceebcc03-341d-7c91-5d26-f28c3d930f14,BWh Arid-Desert-Hot
32,1,32,AFR0211.1998,1998,0.222940594,0.417053471,0.054504652,0.231412131,-0.170299263,0.452101184,delta,Africa,-12.45042,13.48999,Angola,Africa,f39e3b05-ce8e-7c6c-2972-173f6342189d,BWh Arid-Desert-Hot
33,1,33,ANGO2.2003,2003,0.245740681,0.455281035,0.828777605,0.936663765,0.950248731,0.942681801,delta,Africa,-12.88411,13.078039,Angola,Africa,8abcebf3-d7f0-6981-948c-2130ddc24ee0,BWh Arid-Desert-Hot
34,1,34,ARG.001.2001,2001,1.232693469,1.083896336,1.516837158,1.361865461,1.541848047,1.036062194,delta,South America,-27.42641,-65.11226,Argentina,South America,92495798-fb98-b04e-443c-9fd676453b09,Cwa Temperate-Dry_Winter-Hot_Summer
35,1,35,B1,1994,0.195869152,0.3142523,0.353270271,0.438830247,0.647096366,0.820226377,fan,South America,-17.0815,-62.9795,Bolivia,South America,47a2fa26-2c4f-9487-37ae-a70e275616f2,Aw Tropical-Savanna
36,1,36,B10,1987,-0.057071615,0.036434465,0.576924239,0.65277657,-0.259358777,0.361662823,intra-lobe,South America,-16.2728,-65.2038,Bolivia,South America,2b1472a7-3382-b2a9-6914-fb6b93bb6460,Am Tropical-Monsoon
37,1,37,B11,2011,0.076250402,0.210119542,-0.818311013,-0.853522871,0.570307399,0.764676762,intra-lobe,South America,-16.0662,-66.1572,Bolivia,South America,2b1472a7-3382-b2a9-6914-fb6b93bb6460,Am Tropical-Monsoon
38,1,38,B12,1987,-0.393846846,-0.354373757,-0.335460682,-0.262547359,-0.61645368,-0.011047792,intra-lobe,South America,-15.879,-65.859,Bolivia,South America,2b1472a7-3382-b2a9-6914-fb6b93bb6460,Am Tropical-Monsoon
39,1,39,B13,2000,-0.348767676,-0.298199157,-0.493145584,-0.444261126,-0.404315495,0.208604183,intra-lobe,South America,-15.8668,-66.3614,Bolivia,South America,2b1472a7-3382-b2a9-6914-fb6b93bb6460,Am Tropical-Monsoon
40,1,40,B14,1990,0.484263861,0.596131134,0.526819546,0.677912505,0.467180835,0.762300385,intra-lobe,South America,-14.677,-66.5308,Bolivia,South America,2b1472a7-3382-b2a9-6914-fb6b93bb6460,Am Tropical-Monsoon
41,1,41,B15,1991,2.36779552,1.814339485,2.366972632,1.951691375,2.557414932,1.296569798,fan,South America,-23.0769,-64.3187,Argentina,South America,92495798-fb98-b04e-443c-9fd676453b09,Cwa Temperate-Dry_Winter-Hot_Summer
42,1,42,B2,2005,-0.712336462,-0.669319149,-0.950243416,-0.966958288,-0.899880963,-1.218999298,intra-lobe,South America,-17.4241,-64.1351,Bolivia,South America,47a2fa26-2c4f-9487-37ae-a70e275616f2,Aw Tropical-Savanna
43,1,43,B3,2011,1.792165419,1.63474563,0.921761597,0.957463202,1.581258061,1.185796578,fan,South America,-17.3714,-64.2165,Bolivia,South America,47a2fa26-2c4f-9487-37ae-a70e275616f2,Aw Tropical-Savanna
44,1,44,B4,1994,-0.555248558,-0.503819814,-0.487499709,-0.424463176,-0.843043161,-1.026830211,fan,South America,-17.216,-64.855,Bolivia,South America,2b1472a7-3382-b2a9-6914-fb6b93bb6460,Am Tropical-Monsoon
45,1,45,B6,2007,0.739900272,0.862166895,0.511018977,0.584115047,1.646783228,1.138065294,fan,South America,-16.9729,-65.3985,Bolivia,South America,2b1472a7-3382-b2a9-6914-fb6b93bb6460,Am Tropical-Monsoon
46,1,46,B7,1994,-0.126766198,-0.045950453,-0.196675432,-0.140638685,-0.183482806,0.390733524,intra-lobe,South America,-16.7048,-65.65,Bolivia,South America,2b1472a7-3382-b2a9-6914-fb6b93bb6460,Am Tropical-Monsoon
47,1,47,B8,1998,0.721807026,0.841499176,1.077781697,1.127621181,1.194667522,1.001336795,intra-lobe,South America,-16.6125,-65.7438,Bolivia,South America,2b1472a7-3382-b2a9-6914-fb6b93bb6460,Am Tropical-Monsoon
48,1,48,B9,2015,3.752463439,3.149300417,2.268919252,2.08577979,2.116939709,1.192457055,intra-lobe,South America,-16.3225,-65.8384,Bolivia,South America,2b1472a7-3382-b2a9-6914-fb6b93bb6460,Am Tropical-Monsoon
49,1,49,BETSIBOKA.2004,2004,1.284184593,0.87891376,1.507780416,1.253415221,1.114265013,0.714151711,fan,Madagascar,-16.79922,46.93067,Madagascar,Africa,cef3b643-c515-7d48-b37f-7c199562ab9a,Aw Tropical-Savanna
50,1,50,BS0115.1995,1995,0.498601838,0.590963222,0.825549326,0.846331412,1.119293293,0.819059842,delta,Central Asia,39.332065,49.361848,Azerbaijan,Asia,2a7bd039-a19f-e59e-e9e0-5e12d1b43f8c,BSk Arid-Steppe-Cold
51,1,51,CA0067.1986,1986,-0.619884876,-0.380883921,-0.479637861,-0.339121724,-0.956793258,-0.80775691,delta,Central America,15.681704,-88.31292,Guatemala,North America,f3b0afaf-0827-b57c-933c-b3ecb051dd81,Af Tropical-Rainforest
52,1,52,CA0194.2007,2007,0.708082202,0.548257796,0.563873371,0.503641016,0.415044197,0.670529445,delta,Central America,14.203061,-91.77736,Guatemala,North America,25bfe1e0-e212-8600-7057-316c47ae4bd7,Aw Tropical-Savanna
53,1,53,CA0318.1.2002,2002,2.931611264,2.931611264,2.37050008,2.37050008,1.130619016,1.037966707,delta,Central America,26.218492,-111.4146,Mexico,North America,c20025f6-e87b-bd1e-16b2-400520f68cbd,BWh Arid-Desert-Hot
54,1,54,CASP1.1991,1991,0.120142072,0.395342367,-0.586585362,-0.462359677,0.285328566,0.533668956,delta,Central Asia,37.446065,49.928818,Iran,Asia,2db513eb-3b8c-a1c8-bf59-59f7f4da75ae,Csa Temperate-Dry_Summer-Hot_Summer
55,1,55,CON.001.2013,2013,-0.582699628,-0.582699628,-0.48113615,-0.48113615,-0.574241765,-0.260736294,delta,Africa,1.257275,30.459619,Dem. Rep. Congo,Africa,7d76f600-46c5-be66-e717-09981c7390e5,Aw Tropical-Savanna
56,1,56,ECN0095.1999,1999,0.900174533,0.534321313,2.078857472,1.116625713,2.316430281,1.063737105,delta,North America,53.761827,-60.11699,Canada,North America,8a842dc2-b6f9-f211-585d-bbbac8fef595,Dfc Cold-Withouth_dry_season-Cold_Summer
57,1,57,FIHERENANA.2001,2001,1.652323009,1.055006774,2.374369727,1.344533562,2.286623677,1.066844214,delta,Pacific Islands,-23.30676,43.65592,Madagascar,Africa,3ce5ba5b-b825-baba-7fe0-6fb23e254148,BWh Arid-Desert-Hot
58,1,58,G1,2015,1.027463563,1.000425591,0.138029021,0.278588308,1.087140742,0.973326803,fan,Pacific Islands,-5.726,145.527,Papua New Guinea,Oceania,57912377-9f5b-a79f-281e-5dc891739f56,Af Tropical-Rainforest
59,1,59,G10,2017,2.451155087,1.977978549,3.442397406,3.065052907,3.832385348,1.787264807,fan,Pacific Islands,-3.3535,138.7594,Indonesia,Asia,57912377-9f5b-a79f-281e-5dc891739f56,Af Tropical-Rainforest
60,1,60,G11,2008,0.696285903,0.747505978,0.530038297,0.674824423,0.723542275,0.914617994,fan,Pacific Islands,-6.5762,146.6991,Papua New Guinea,Oceania,57912377-9f5b-a79f-281e-5dc891739f56,Af Tropical-Rainforest
61,1,61,G12,2010,0.867888137,0.869022108,0.67477976,0.772538255,0.300735232,0.581647215,fan,Pacific Islands,-6.6624,147.0569,Papua New Guinea,Oceania,57912377-9f5b-a79f-281e-5dc891739f56,Af Tropical-Rainforest
62,1,62,G13,2008,1.031638721,0.991081654,1.119069481,1.052037223,1.107415484,1.043487058,fan,Pacific Islands,-6.6953,147.2111,Papua New Guinea,Oceania,57912377-9f5b-a79f-281e-5dc891739f56,Af Tropical-Rainforest
63,1,63,G14,2004,-0.332954127,-0.208229335,-0.414367869,-0.27414496,-0.460890881,-0.083887646,fan,Pacific Islands,-6.6931,147.33,Papua New Guinea,Oceania,57912377-9f5b-a79f-281e-5dc891739f56,Af Tropical-Rainforest
64,1,64,G15,2003,0.674205509,0.740267592,0.016493692,0.150346395,0.235112016,0.451268018,fan,Pacific Islands,-7.5774,147.2359,Papua New Guinea,Oceania,57912377-9f5b-a79f-281e-5dc891739f56,Af Tropical-Rainforest
65,1,65,G16,1994,0.132933105,0.220795925,-0.117563788,-0.000739294,0.34006067,0.473884065,fan,Pacific Islands,-7.671,147.4265,Papua New Guinea,Oceania,57912377-9f5b-a79f-281e-5dc891739f56,Af Tropical-Rainforest
66,1,66,G17,2016,0.239369428,0.318150735,0.478395483,0.583039266,0.392143587,0.516086055,delta,Pacific Islands,-9.079,149.0407,Papua New Guinea,Oceania,57912377-9f5b-a79f-281e-5dc891739f56,Af Tropical-Rainforest
67,1,67,G18,1995,-0.365024997,-0.320624211,0.60751463,0.678537443,0.023065106,0.260483712,fan,Pacific Islands,-9.6293,149.3082,Papua New Guinea,Oceania,f8d19db1-8c97-c4b8-34a3-59672dab4928,Am Tropical-Monsoon
68,1,68,G19,2015,-0.539990865,-0.484598817,-0.066792293,0.013557561,-0.685620988,-0.291079185,fan,Pacific Islands,-4.9712,139.9119,Indonesia,Asia,57912377-9f5b-a79f-281e-5dc891739f56,Af Tropical-Rainforest
69,1,69,G2,2013,1.274700917,1.175041135,1.179800104,1.121809498,1.151829096,0.925869577,fan,Pacific Islands,-5.1578,144.7887,Papua New Guinea,Oceania,57912377-9f5b-a79f-281e-5dc891739f56,Af Tropical-Rainforest
70,1,70,G20,2008,1.194103002,1.117171938,1.140995453,1.046614417,1.501522712,1.016015231,intra-lobe,Pacific Islands,-5.0624,139.7273,Indonesia,Asia,57912377-9f5b-a79f-281e-5dc891739f56,Af Tropical-Rainforest
71,1,71,G21,1995,0.371377271,0.421261634,0.460836217,0.509719842,0.306738091,0.566387914,fan,Pacific Islands,-4.7231,139.3009,Indonesia,Asia,57912377-9f5b-a79f-281e-5dc891739f56,Af Tropical-Rainforest
72,1,72,G22,1998,0.726894719,0.70977457,1.375407551,1.212809392,1.816053181,1.193434674,intra-lobe,Pacific Islands,-4.687,138.7889,Indonesia,Asia,57912377-9f5b-a79f-281e-5dc891739f56,Af Tropical-Rainforest
73,1,73,G23,2005,-0.073071021,0.014582205,-0.097369451,-0.024552911,-0.416966282,0.034424889,fan,Pacific Islands,-4.3663,136.8475,Indonesia,Asia,57912377-9f5b-a79f-281e-5dc891739f56,Af Tropical-Rainforest
74,1,74,G24,2013,0.627060729,0.558432401,0.756282791,0.739982243,0.714257484,0.712543806,fan,Pacific Islands,-4.3488,136.7978,Indonesia,Asia,57912377-9f5b-a79f-281e-5dc891739f56,Af Tropical-Rainforest
75,1,75,G25.1,1999,0.773352044,0.57665752,0.432155525,0.463712737,0.674471074,0.486060029,fan,Pacific Islands,-0.767259,133.62207,Indonesia,Asia,57912377-9f5b-a79f-281e-5dc891739f56,Af Tropical-Rainforest
76,1,76,G25.2,2007,0.617972552,0.482645908,0.712390771,0.713546211,0.674471074,0.486060029,fan,Pacific Islands,-0.8055,133.62,Indonesia,Asia,57912377-9f5b-a79f-281e-5dc891739f56,Af Tropical-Rainforest
77,1,77,G26,1998,2.194119617,1.673286556,1.819203216,1.543889887,1.87540987,1.175436031,intra-lobe,Pacific Islands,-3.3172,128.6831,Indonesia,Asia,d4ce2bd9-8758-61ef-7845-bf16cbc6047d,Af Tropical-Rainforest
78,1,78,G3,1999,-0.102821392,-0.016813313,-0.384209396,-0.2995892,-0.398550311,-0.043965274,fan,Pacific Islands,-9.6482,148.7316,Papua New Guinea,Oceania,f8d19db1-8c97-c4b8-34a3-59672dab4928,Am Tropical-Monsoon
79,1,79,G4,1998,0.817300727,0.875955377,-0.384209396,-0.2995892,-0.064355149,0.261874147,fan,Pacific Islands,-9.6206,148.65,Papua New Guinea,Oceania,f8d19db1-8c97-c4b8-34a3-59672dab4928,Am Tropical-Monsoon
80,1,80,G5,1997,-0.303985604,-0.056995634,0.364887735,0.408791988,-0.560989865,-0.213104503,fan,Pacific Islands,-4.1512,135.244,Indonesia,Asia,57912377-9f5b-a79f-281e-5dc891739f56,Af Tropical-Rainforest
81,1,81,G6,2005,0.041606505,0.138743254,-0.038479489,0.084048548,-0.227314182,0.110911195,fan,Pacific Islands,-3.96488,135.16649,Indonesia,Asia,57912377-9f5b-a79f-281e-5dc891739f56,Af Tropical-Rainforest
82,1,82,G7,2013,1.274860445,0.823039252,0.990142328,0.852175667,1.514942194,1.121982485,fan,Pacific Islands,-4.0073,135.2514,Indonesia,Asia,57912377-9f5b-a79f-281e-5dc891739f56,Af Tropical-Rainforest
83,1,83,G8,2017,2.079893148,1.538253738,2.194282751,1.846816204,3.274173996,1.706152801,intra-lobe,Pacific Islands,-3.9686,135.0749,Indonesia,Asia,57912377-9f5b-a79f-281e-5dc891739f56,Af Tropical-Rainforest
84,1,84,G9,2013,1.323020487,0.905102278,1.611898227,1.170475402,1.800988609,1.193339386,fan,Pacific Islands,-3.0491,136.3711,Indonesia,Asia,57912377-9f5b-a79f-281e-5dc891739f56,Af Tropical-Rainforest
85,1,85,H001,2008,1.203709523,0.677042241,0.893995791,0.657458464,1.094128096,0.82360816,fan,Himalaya,26.5955,87.0109,Nepal,Asia,bd499a5c-1b1d-fbbd-727e-f431d021771b,Cwa Temperate-Dry_Winter-Hot_Summer
86,1,86,H002,2000,0.619441793,0.431067888,0.753856545,0.618091492,0.604942397,0.618604211,fan,Himalaya,28.0239,95.439,India,Asia,bd499a5c-1b1d-fbbd-727e-f431d021771b,Cwa Temperate-Dry_Winter-Hot_Summer
87,1,87,H005,1998,1.097030974,0.661226629,1.195771965,0.881595135,2.034433453,1.235813855,fan,Himalaya,28.1144,95.6672,India,Asia,bd499a5c-1b1d-fbbd-727e-f431d021771b,Cwa Temperate-Dry_Winter-Hot_Summer
88,1,88,H006,1997,0.095398952,0.20612787,0.270626165,0.27740736,-0.253393297,0.071169785,fan,Himalaya,26.4924,96.7136,Myanmar,Asia,bd499a5c-1b1d-fbbd-727e-f431d021771b,Cwa Temperate-Dry_Winter-Hot_Summer
89,1,89,H007,2010,1.246713448,0.596736071,1.535648961,0.813105883,2.195282029,1.128502389,fan,Himalaya,26.8274,88.9309,India,Asia,31935c32-568c-50cf-ae8e-eae30e54f321,Cwb Temperate-Dry_Winter-Warm_Summer
90,1,90,H008,2006,-0.552500784,-0.15208414,-0.573337016,-0.266521618,-0.768941162,-0.303238792,fan,Himalaya,26.8164,89.4164,India,Asia,31935c32-568c-50cf-ae8e-eae30e54f321,Cwb Temperate-Dry_Winter-Warm_Summer
91,1,91,H009,1994,0.334369803,0.278023077,0.408460776,0.353818899,0.208978566,0.422486944,fan,Himalaya,27.4208,94.2478,India,Asia,bd499a5c-1b1d-fbbd-727e-f431d021771b,Cwa Temperate-Dry_Winter-Hot_Summer
92,1,92,H010,2006,-0.493254686,-0.130775676,-0.440547444,-0.162019498,-0.919251922,-0.494908362,fan,Himalaya,27.2954,94.0215,India,Asia,bd499a5c-1b1d-fbbd-727e-f431d021771b,Cwa Temperate-Dry_Winter-Hot_Summer
93,1,93,H011,2001,-0.204512073,0.042128166,0.103756277,0.186068842,-0.249077973,0.115304207,fan,Himalaya,26.7187,89.7586,Bhutan,Asia,31935c32-568c-50cf-ae8e-eae30e54f321,Cwb Temperate-Dry_Winter-Warm_Summer
94,1,94,H013,1990,0.534598792,0.408066909,1.039260801,0.734547549,0.820694378,0.786127952,fan,Himalaya,27.6664,94.8595,India,Asia,bd499a5c-1b1d-fbbd-727e-f431d021771b,Cwa Temperate-Dry_Winter-Hot_Summer
95,1,95,H015,1992,-0.935635692,-0.912981538,-0.924976741,-0.935339047,-1.130873716,-1.79977863,fan,Himalaya,26.9136,86.0457,Nepal,Asia,bd499a5c-1b1d-fbbd-727e-f431d021771b,Cwa Temperate-Dry_Winter-Hot_Summer
96,1,96,H016,2003,-0.309295061,-0.039000649,0.08095794,0.286500979,-0.129663474,0.33537734,fan,Himalaya,26.9491,85.8708,Nepal,Asia,bd499a5c-1b1d-fbbd-727e-f431d021771b,Cwa Temperate-Dry_Winter-Hot_Summer
97,1,97,H017,2002,-0.23946924,0.035478496,-0.171776514,0.033605431,-0.307606714,0.244689855,fan,Himalaya,26.9665,85.8416,Nepal,Asia,bd499a5c-1b1d-fbbd-727e-f431d021771b,Cwa Temperate-Dry_Winter-Hot_Summer
98,1,98,H020,2011,0.260456333,0.427985209,0.065899976,0.246452397,0.146526187,0.442396783,fan,Himalaya,27.293,84.3981,India,Asia,bd499a5c-1b1d-fbbd-727e-f431d021771b,Cwa Temperate-Dry_Winter-Hot_Summer
99,1,99,H021,2001,0.201515569,0.585078595,0.32249973,0.644308978,0.765606901,0.730799178,fan,Himalaya,27.3059,84.4932,India,Asia,bd499a5c-1b1d-fbbd-727e-f431d021771b,Cwa Temperate-Dry_Winter-Hot_Summer
100,1,100,H022,2010,3.706342063,1.677009363,3.568424594,1.935785832,2.075872587,1.041170213,fan,Himalaya,30.2296,77.7357,India,Asia,31935c32-568c-50cf-ae8e-eae30e54f321,Cwb Temperate-Dry_Winter-Warm_Summer
101,1,101,H023,2003,-0.248589269,0.03678764,0.088423125,0.277299518,-0.144854372,0.27517565,fan,Himalaya,26.3585,86.5211,India,Asia,bd499a5c-1b1d-fbbd-727e-f431d021771b,Cwa Temperate-Dry_Winter-Hot_Summer
102,1,102,H024,1999,0.024378472,0.501081363,-0.102275917,0.319981444,0.464523156,0.60713033,fan,Himalaya,29.3841,78.8862,India,Asia,bd499a5c-1b1d-fbbd-727e-f431d021771b,Cwa Temperate-Dry_Winter-Hot_Summer
103,1,103,H025,2006,-0.482007,-0.127461742,-0.416811163,-0.148543758,-0.368916312,0.119314989,fan,Himalaya,30.1847,77.809,India,Asia,bd499a5c-1b1d-fbbd-727e-f431d021771b,Cwa Temperate-Dry_Winter-Hot_Summer
104,1,104,H026,2001,-0.23912075,0.024817341,0.213392621,0.244971234,0.082879886,0.29674331,fan,Himalaya,26.8047,89.4131,India,Asia,31935c32-568c-50cf-ae8e-eae30e54f321,Cwb Temperate-Dry_Winter-Warm_Summer
105,1,105,H027,1992,-0.1647592,0.07727663,0.137782153,0.193320247,-0.308241655,0.058852647,fan,Himalaya,26.8423,88.9466,India,Asia,31935c32-568c-50cf-ae8e-eae30e54f321,Cwb Temperate-Dry_Winter-Warm_Summer
106,1,106,H028,2002,-0.449004126,-0.184522503,-0.263747579,-0.077650683,-0.475109205,0.060444437,fan,Himalaya,26.751,86.1495,Nepal,Asia,bd499a5c-1b1d-fbbd-727e-f431d021771b,Cwa Temperate-Dry_Winter-Hot_Summer
107,1,107,H029,2001,0.463257244,0.59628269,0.803246199,0.847914234,1.060924585,0.784942247,fan,Himalaya,29.2733,78.6082,India,Asia,bd499a5c-1b1d-fbbd-727e-f431d021771b,Cwa Temperate-Dry_Winter-Hot_Summer
108,1,108,H030,2001,0.406869646,0.667170587,0.586262458,0.787283116,0.63300671,0.6749073,fan,Himalaya,27.3056,84.4389,India,Asia,bd499a5c-1b1d-fbbd-727e-f431d021771b,Cwa Temperate-Dry_Winter-Hot_Summer
109,1,109,Indus.2010,2010,1.672736013,1.160577586,0.623102264,0.659705057,0.656165142,0.629476738,delta,Asia,24.7623,68.05843,Pakistan,Asia,db600ff0-1975-00c9-f8f1-4977b0415d03,BWh Arid-Desert-Hot
110,1,110,JA.12.Eritrea,2006,1.841517303,1.418215238,0.056982283,0.202137478,-0.04966831,0.439944534,delta,Africa,15.714171,39.427118,Eritrea,Africa,15bfd56d-9155-410d-2d9f-3c868dce70cb,BWh Arid-Desert-Hot
111,1,111,JA.18.PNG.1994.1994,1994,0.740851297,0.843094362,-0.097029263,0.067743167,-0.014332122,0.438985285,fan,Pacific Islands,-6.69266,147.32834,Papua New Guinea,Oceania,57912377-9f5b-a79f-281e-5dc891739f56,Af Tropical-Rainforest
112,1,112,JA.25.India.1990,1990,0.158164658,0.253424543,0.8329116,0.599479867,0.200374899,0.4318204,fan,Himalaya,26.929021,92.422025,India,Asia,bd499a5c-1b1d-fbbd-727e-f431d021771b,Cwa Temperate-Dry_Winter-Hot_Summer
113,1,113,JA.25.India.1996,1996,2.560971205,1.184730719,2.092973317,1.168301539,1.773014258,1.002575917,fan,Himalaya,26.929021,92.422025,India,Asia,bd499a5c-1b1d-fbbd-727e-f431d021771b,Cwa Temperate-Dry_Winter-Hot_Summer
114,1,114,JA.26.Ethiopia.1988,1988,0.784434745,0.784434745,0.990642248,0.817320477,2.047451684,1.163684538,fan,Africa,4.7164481,36.193232,Ethiopia,Africa,de6ed410-1818-4243-131a-c58c8a8ec79b,BSh Arid-Steppe-Hot
115,1,115,JA.26.Ethiopia.1992,1992,-0.359893633,-0.359893633,-0.320919551,0.254976552,-0.073469284,0.442604786,fan,Africa,4.7164481,36.193232,Ethiopia,Africa,de6ed410-1818-4243-131a-c58c8a8ec79b,BSh Arid-Steppe-Hot
116,1,116,JA.26.Ethiopia.1998,1998,3.787003286,3.787003286,3.587137438,1.221765917,1.659114042,1.079163073,fan,Africa,4.7164481,36.193232,Ethiopia,Africa,de6ed410-1818-4243-131a-c58c8a8ec79b,BSh Arid-Steppe-Hot
117,1,117,JA.26.Ethiopia.2002,2002,-0.173989335,-0.173989335,-0.114134247,0.401738094,0.255124106,0.621852837,fan,Africa,4.7164481,36.193232,Ethiopia,Africa,de6ed410-1818-4243-131a-c58c8a8ec79b,BSh Arid-Steppe-Hot
118,1,118,JA.26.Ethiopia.2009,2009,-0.778312113,-0.778312113,-0.766124982,-0.493743159,-0.90988882,-0.666641306,fan,Africa,4.7164481,36.193232,Ethiopia,Africa,de6ed410-1818-4243-131a-c58c8a8ec79b,BSh Arid-Steppe-Hot
119,1,119,JA.26.Ethiopia.2011,2011,0.669716449,0.669716449,0.307110648,0.605815345,0.643461748,0.784140903,fan,Africa,4.7164481,36.193232,Ethiopia,Africa,de6ed410-1818-4243-131a-c58c8a8ec79b,BSh Arid-Steppe-Hot
120,1,120,JA.28.Eritrea.1997.1997,1997,0.311085575,0.440513567,0.462446264,0.624574417,0.672349701,0.78063532,delta,Africa,15.23647,39.686968,Eritrea,Africa,15bfd56d-9155-410d-2d9f-3c868dce70cb,BWh Arid-Desert-Hot
121,1,121,JA.30.Eritrea.2007.2007,2007,1.070053242,1.052831954,0.177462152,0.311094611,0.671408721,0.842826525,delta,Africa,15.826031,39.304366,Eritrea,Africa,15bfd56d-9155-410d-2d9f-3c868dce70cb,BWh Arid-Desert-Hot
122,1,122,JA.34.Morocco.2001.2001,2001,0.015518296,0.220127543,0.09199946,0.278329959,-0.332147088,-0.028876172,delta,Africa,35.314136,-4.973272,Morocco,Africa,fa65bcb7-9e3e-bcc9-f69c-f0de974f4919,Csa Temperate-Dry_Summer-Hot_Summer
123,1,123,JA.35.Madagascar.2000.2000,2000,0.97323351,0.973415814,1.176220925,1.106146858,1.522913038,0.908081171,delta,Madagascar,-21.05695,43.890611,Madagascar,Africa,a24cc239-1b53-efa0-f913-fc650be88240,BSh Arid-Steppe-Hot
124,1,124,JA.36.Eritrea.2005.2005,2005,-0.738960957,-0.72039598,-0.638132604,-0.592486976,-0.466324358,-0.587556662,delta,Africa,17.537548,38.797771,Eritrea,Africa,15bfd56d-9155-410d-2d9f-3c868dce70cb,BWh Arid-Desert-Hot
125,1,125,JA.37.Somalia.1989.1989,1989,4.483396069,2.046352083,3.768146356,1.940204752,1.301767958,1.327316658,delta,Africa,10.589742,44.054035,Somaliland,Africa,bef1185b-bb30-ea3c-dfb8-54cb34b31070,BWh Arid-Desert-Hot
126,1,126,JA.38.Madagascar.1994.1994,1994,1.425816646,0.882908748,0.993808035,0.83892809,0.823385345,0.688121538,delta,Madagascar,-20.48389,44.163135,Madagascar,Africa,a24cc239-1b53-efa0-f913-fc650be88240,BSh Arid-Steppe-Hot
127,1,127,JA.4.Kosi.2008.2008,2008,1.194412938,0.669867128,0.887989563,0.651464571,1.103116599,0.828494018,fan,Himalaya,26.600541,87.010028,Nepal,Asia,bd499a5c-1b1d-fbbd-727e-f431d021771b,Cwa Temperate-Dry_Winter-Hot_Summer
128,1,128,JA.40.NewGuinea.Madang.1989.1989,1989,1.267594563,1.218207745,0.63337276,0.675071276,0.327461657,0.554018064,delta,Pacific Islands,-5.509766,145.89913,Papua New Guinea,Oceania,57912377-9f5b-a79f-281e-5dc891739f56,Af Tropical-Rainforest
129,1,129,JA.69.PNG.2004,2004,0.105877301,0.204485152,0.347796621,0.417863592,0.056398817,0.375938455,delta,Pacific Islands,-5.472425,145.73921,Papua New Guinea,Oceania,57912377-9f5b-a79f-281e-5dc891739f56,Af Tropical-Rainforest
130,1,130,JA.69.PNG.2009,2009,0.402090849,0.481372701,0.110093793,0.192976107,-0.098175719,0.260784415,delta,Pacific Islands,-5.472425,145.73921,Papua New Guinea,Oceania,57912377-9f5b-a79f-281e-5dc891739f56,Af Tropical-Rainforest
131,1,131,JA.8.India.2004.2004,2004,1.0114922,0.607521195,1.275224756,0.83675458,0.990591429,0.721559616,fan,Himalaya,26.783104,90.956522,India,Asia,bd499a5c-1b1d-fbbd-727e-f431d021771b,Cwa Temperate-Dry_Winter-Hot_Summer
132,1,132,JA.82.DeinNewGuinea.2012,2012,0.682123537,0.697589934,1.14243798,1.102846168,0.793894131,0.78620144,delta,Pacific Islands,-5.517249,146.07002,Papua New Guinea,Oceania,57912377-9f5b-a79f-281e-5dc891739f56,Af Tropical-Rainforest
133,1,133,JA.91.Peru.1998,1998,3.468869965,2.742732677,3.808648043,3.132833433,3.164443902,1.39033608,delta,South America,-9.270886,-78.45174,Peru,South America,1a86958a-cc93-84a1-833f-5a0d0e026c9d,BSh Arid-Steppe-Hot
134,1,134,JA.95.PNG.1989.1989,1989,1.642998503,1.491531876,0.62278937,0.667254598,0.558766062,0.680570243,fan,Pacific Islands,-5.439398,145.73142,Papua New Guinea,Oceania,57912377-9f5b-a79f-281e-5dc891739f56,Af Tropical-Rainforest
135,1,135,JAVA12.1985,1985,1.521733375,1.237935875,1.283275344,1.292822503,1.682925586,1.132312106,delta,Pacific Islands,-6.920091,112.58208,Indonesia,Asia,0642d911-dfac-ed3f-5386-e5578a5de29d,Aw Tropical-Savanna
136,1,136,JAVA2.1984,1984,1.773325537,1.226490338,1.275205473,1.243131989,0.825818169,0.729418755,delta,Pacific Islands,-6.749281,110.58306,Indonesia,Asia,b2e1bdb5-b17d-d664-0bdf-c5d7c6c6bffd,Am Tropical-Monsoon
137,1,137,JAVA3.1992,1992,0.498686339,0.50514233,0.463557598,0.544608981,0.743550823,0.689757291,delta,Pacific Islands,-6.854915,110.17566,Indonesia,Asia,b2e1bdb5-b17d-d664-0bdf-c5d7c6c6bffd,Am Tropical-Monsoon
138,1,138,JAVA5.1995,1995,1.24250418,0.973018907,2.184198213,1.851246549,2.750408578,1.284207542,delta,Pacific Islands,-6.754231,108.81332,Indonesia,Asia,52a77ccd-eeb2-5cd6-f6c4-826d1a258e8e,Aw Tropical-Savanna
139,1,139,JAVA5.1998,1998,0.64988194,0.584834055,0.866992984,0.894466643,-0.020804906,0.348584732,delta,Pacific Islands,-6.762009,108.82315,Indonesia,Asia,52a77ccd-eeb2-5cd6-f6c4-826d1a258e8e,Aw Tropical-Savanna
140,1,140,JAVA5.2018,2018,0.198141613,0.259324362,0.563776554,0.638767914,0.248618627,0.499905233,delta,Pacific Islands,-6.751867,108.83116,Indonesia,Asia,52a77ccd-eeb2-5cd6-f6c4-826d1a258e8e,Aw Tropical-Savanna
141,1,141,JAVA6.2010,2010,1.088254487,0.878821946,2.889460764,2.355918467,1.49875208,0.994292465,delta,Pacific Islands,-6.235773,108.20044,Indonesia,Asia,1fc74395-f48f-9cc7-0c91-4d79fccd962c,Aw Tropical-Savanna
142,1,142,JAVA7.1990,1990,0.015857232,0.108108348,1.002433883,1.062568678,0.183409165,0.366076361,delta,Pacific Islands,-6.205649,107.87981,Indonesia,Asia,1fc74395-f48f-9cc7-0c91-4d79fccd962c,Aw Tropical-Savanna
143,1,143,JAVA7.2010,2010,1.202776607,0.973542116,3.026188381,2.523129778,2.79346267,1.349096058,delta,Pacific Islands,-6.19215,107.88984,Indonesia,Asia,1fc74395-f48f-9cc7-0c91-4d79fccd962c,Aw Tropical-Savanna
144,1,144,JAVA8.2018,2018,0.399238719,0.401222947,0.107717498,0.233415092,-0.220560997,0.234705247,delta,Pacific Islands,-6.049775861,106.9867289,Indonesia,Asia,fb19fcd2-cd36-c7db-9e2b-b9632216f0c8,Aw Tropical-Savanna
145,1,145,JAVA9.2014,2014,1.589410492,1.085254451,1.244952882,1.181193722,1.397063978,0.982236302,delta,Pacific Islands,-6.014357,106.63317,Indonesia,Asia,3da715b0-cc83-0c43-63b6-75bed54deeed,Aw Tropical-Savanna
146,1,146,KAZ.001.1993,1993,0.746829403,0.867909883,0.850580944,1.029700185,1.322667364,1.155395982,delta,Central Asia,46.467261,77.256803,Kazakhstan,Asia,2a7bd039-a19f-e59e-e9e0-5e12d1b43f8c,BSk Arid-Steppe-Cold
147,1,147,KAZ.014.2011,2011,1.435008832,1.201090287,1.743556659,1.518901236,1.615345788,1.198474765,fan,Central Asia,46.104023,60.864246,Kazakhstan,Asia,f95062fb-14d1-f9d1-e2cf-2854f21c99bf,BWk Arid-Desert-Cold
148,1,148,KEN.001.1989,1989,0.457423599,0.362829631,0.035198074,0.122658922,0.435315943,0.618057483,delta,Africa,4.5685778,36.032135,Ethiopia,Africa,de6ed410-1818-4243-131a-c58c8a8ec79b,BSh Arid-Steppe-Hot
149,1,149,MAHAJAMBA.2004,2004,1.635541333,0.951806419,1.622344334,1.20812475,1.552195338,0.813286538,fan,Madagascar,-16.4197,47.397163,Madagascar,Africa,cef3b643-c515-7d48-b37f-7c199562ab9a,Aw Tropical-Savanna
150,1,150,MALAWI1.2014,2014,1.129419196,1.194824685,0.653400444,0.795463644,1.060757398,0.785281682,fan,Africa,-13.88624,34.576099,Malawi,Africa,03ed7367-abec-f489-06b1-d99b2873eb7b,Cwb Temperate-Dry_Winter-Warm_Summer
151,1,151,MANAMBOLO.2004,2004,0.964953523,0.717521647,1.104593353,0.970105043,1.906821442,0.997743112,delta,Madagascar,-19.1855,44.428446,Madagascar,Africa,a24cc239-1b53-efa0-f913-fc650be88240,BSh Arid-Steppe-Hot
152,1,152,PI0019.1989,1989,-0.048541957,0.079326363,0.749891169,0.739039606,-0.107433958,0.245436883,delta,Pacific Islands,1.885402,98.575117,Indonesia,Asia,737027e4-9fc4-2449-3574-3381dafc07dc,Af Tropical-Rainforest
153,1,153,PI0209.2006,2006,-0.024810387,0.072452558,-0.794271768,-0.818554519,0.134593613,0.434752681,delta,Pacific Islands,-6.798919,109.05695,Indonesia,Asia,62ba5969-0f96-61e1-6f35-8306964bcf4e,Am Tropical-Monsoon
154,1,154,PI0269.1.1996,1996,0.482906878,0.549185664,0.3882889,0.528381109,0.384058144,0.651876085,fan,Pacific Islands,-9.194668,125.52482,Timor-Leste,Asia,933bc5a1-798a-739b-2651-e445db600c42,Aw Tropical-Savanna
155,1,155,PI0354.2002,2002,0.500188071,0.496654802,0.787040317,0.785027128,0.31066355,0.662262925,fan,Pacific Islands,-3.150461,126.24082,Indonesia,Asia,64088856-9da2-2e4b-5173-62e00b9f0cbd,Af Tropical-Rainforest
156,1,156,PI0801.1.2007,2007,0.398633813,0.432413895,0.263507295,0.332354131,-0.16748603,0.113197102,delta,Pacific Islands,12.744353,120.81316,Philippines,Asia,eca682bb-ac97-ec26-983f-3fef5fae05e4,Am Tropical-Monsoon
157,1,157,PNG.010.2011,2011,1.047469327,1.027144287,1.128302199,1.1076512,1.778036851,1.211002199,fan,Pacific Islands,-6.470433,146.55624,Papua New Guinea,Oceania,cc5204ce-6408-4376-af40-04ea2d6cf689,Am Tropical-Monsoon
158,1,158,PNG0066.1.2003,2003,-0.699035669,-0.594573925,-0.675556266,-0.549172025,-0.814182091,-0.763490141,fan,Pacific Islands,-6.693364,147.21121,Papua New Guinea,Oceania,57912377-9f5b-a79f-281e-5dc891739f56,Af Tropical-Rainforest
159,1,159,PNG0069.1991,1991,-0.483922219,-0.388921972,-0.61400228,-0.512122786,-0.656260337,-0.467095942,fan,Pacific Islands,-6.721834641,147.4431736,Papua New Guinea,Oceania,57912377-9f5b-a79f-281e-5dc891739f56,Af Tropical-Rainforest
160,1,160,R1,2000,1.639287887,1.336498608,1.633011336,1.375248741,2.047424953,1.139409013,retrogradational,Pacific Islands,-10.0478,148.0854,Papua New Guinea,Oceania,55e29ef1-362d-ad44-6034-5e10ac1f6fc7,Aw Tropical-Savanna
161,1,161,R10.1,1986,-0.149070918,0.023719879,-0.22595348,-0.106003986,0.249596447,0.666144005,retrogradational,South America,-13.5464,-68.4792,Bolivia,South America,2b1472a7-3382-b2a9-6914-fb6b93bb6460,Am Tropical-Monsoon
162,1,162,R10.2,1995,0.312322227,0.500183078,0.011384738,0.216177038,0.657454364,0.809197988,retrogradational,South America,-13.5359,-68.4707,Bolivia,South America,2b1472a7-3382-b2a9-6914-fb6b93bb6460,Am Tropical-Monsoon
163,1,163,R10.3,2008,1.008016579,1.086432971,0.347860699,0.616230032,1.851895405,1.087850421,retrogradational,South America,-13.5244,-68.466,Bolivia,South America,2b1472a7-3382-b2a9-6914-fb6b93bb6460,Am Tropical-Monsoon
164,1,164,R11.1,1984,0.119275107,0.351191079,0.23098718,0.557327993,0.339350844,0.722876108,retrogradational,South America,-13.8192,-67.8402,Bolivia,South America,c874f699-0264-fdd0-617d-2a73b7a1ca29,Af Tropical-Rainforest
165,1,165,R11.2,1990,0.234913776,0.453135172,-0.097383218,0.171367298,0.287231571,0.704240089,retrogradational,South America,-13.779,-67.802,Bolivia,South America,2b1472a7-3382-b2a9-6914-fb6b93bb6460,Am Tropical-Monsoon
166,1,166,R11.3,2000,-0.749113098,-0.632588796,-0.540828794,-0.554391675,-0.96307056,-1.356689954,retrogradational,South America,-13.7846,-67.8047,Bolivia,South America,2b1472a7-3382-b2a9-6914-fb6b93bb6460,Am Tropical-Monsoon
167,1,167,R12,1985,-0.046861664,0.18676723,0.036917686,0.319772819,0.284415421,0.699867175,retrogradational,South America,-13.989,-67.7863,Bolivia,South America,c874f699-0264-fdd0-617d-2a73b7a1ca29,Af Tropical-Rainforest
168,1,168,R14,1989,0.524659047,0.689619056,-0.002148462,0.221507211,0.324076844,0.708025166,retrogradational,South America,-13.4487,-67.9909,Bolivia,South America,2b1472a7-3382-b2a9-6914-fb6b93bb6460,Am Tropical-Monsoon
169,1,169,R15,2005,0.236336589,0.346549539,-0.326328918,-0.329529755,0.241673674,0.559547647,retrogradational,South America,-13.1683,-69.552,Peru,South America,d369bbdf-24c0-d10e-86de-216caa55b33a,Cwb Temperate-Dry_Winter-Warm_Summer
170,1,170,R16.2,1992,-0.101088933,0.020966264,0.254995205,0.449285733,0.482694588,0.706982804,retrogradational,South America,-13.4642,-68.526,Bolivia,South America,2b1472a7-3382-b2a9-6914-fb6b93bb6460,Am Tropical-Monsoon
171,1,171,R16.3,2011,3.578780013,2.781218262,1.415144103,1.60803307,2.168750159,1.10563427,retrogradational,South America,-13.4776,-68.531,Bolivia,South America,2b1472a7-3382-b2a9-6914-fb6b93bb6460,Am Tropical-Monsoon
172,1,172,R17.1,1984,0.570582061,0.695549735,0.929426347,1.163875166,1.044713112,0.873369388,retrogradational,South America,-13.495,-68.5752,Bolivia,South America,2b1472a7-3382-b2a9-6914-fb6b93bb6460,Am Tropical-Monsoon
173,1,173,R17.2,2006,-0.200316886,-0.082595796,0.036292244,0.196034338,0.116784392,0.572621311,retrogradational,South America,-13.5048,-68.5889,Bolivia,South America,2b1472a7-3382-b2a9-6914-fb6b93bb6460,Am Tropical-Monsoon
174,1,174,R18,1984,0.983187375,1.022822889,1.023121589,1.045177759,0.443363105,0.748619409,retrogradational,South America,-14.478,-67.33,Bolivia,South America,c874f699-0264-fdd0-617d-2a73b7a1ca29,Af Tropical-Rainforest
175,1,175,R19.2,1986,-0.34271879,-0.241044987,-0.129218411,-0.002159466,-0.49822158,0.18476185,retrogradational,South America,-14.4841,-67.296,Bolivia,South America,c874f699-0264-fdd0-617d-2a73b7a1ca29,Af Tropical-Rainforest
176,1,176,R19.3,2012,1.404701758,1.354068139,0.481117839,0.58947972,1.559549411,1.037224191,retrogradational,South America,-14.4832,-67.2948,Bolivia,South America,c874f699-0264-fdd0-617d-2a73b7a1ca29,Af Tropical-Rainforest
177,1,177,R2.1,1988,-0.380998107,-0.337108041,-0.123626369,-0.022475931,-0.273598237,0.029657051,retrogradational,Pacific Islands,-9.5642,149.2851,Papua New Guinea,Oceania,f8d19db1-8c97-c4b8-34a3-59672dab4928,Am Tropical-Monsoon
178,1,178,R2.2,2002,-0.800793605,-0.798826904,-0.892124077,-0.894936201,-0.718028544,-0.42531709,retrogradational,Pacific Islands,-9.5672,149.2848,Papua New Guinea,Oceania,f8d19db1-8c97-c4b8-34a3-59672dab4928,Am Tropical-Monsoon
179,1,179,R2.3,2014,1.135695813,1.141753659,0.886086305,0.920799222,1.30659841,0.970461026,retrogradational,Pacific Islands,-9.5713,149.2851,Papua New Guinea,Oceania,f8d19db1-8c97-c4b8-34a3-59672dab4928,Am Tropical-Monsoon
180,1,180,R20.1,1984,1.187060608,1.187990132,1.19995632,1.18268611,0.530663916,0.76319993,retrogradational,South America,-14.5463,-67.2865,Bolivia,South America,c874f699-0264-fdd0-617d-2a73b7a1ca29,Af Tropical-Rainforest
181,1,181,R20.2,1990,-0.256212823,-0.144351239,0.350070046,0.470220021,-0.298160511,0.355457555,retrogradational,South America,-14.5405,-67.2794,Bolivia,South America,c874f699-0264-fdd0-617d-2a73b7a1ca29,Af Tropical-Rainforest
182,1,182,R20.3,1996,-0.201496059,-0.083048273,-0.221331634,-0.097311033,-0.012456594,0.530025507,retrogradational,South America,-14.4881,-67.2485,Bolivia,South America,c874f699-0264-fdd0-617d-2a73b7a1ca29,Af Tropical-Rainforest
183,1,183,R20.4,2015,1.879698163,1.693333957,1.538674109,1.432189268,2.131152464,1.145342849,retrogradational,South America,-14.5248,-67.2645,Bolivia,South America,c874f699-0264-fdd0-617d-2a73b7a1ca29,Af Tropical-Rainforest
184,1,184,R21.1,1984,1.187060608,1.187990132,1.19995632,1.18268611,0.530663916,0.76319993,retrogradational,South America,-14.5358,-67.2532,Bolivia,South America,c874f699-0264-fdd0-617d-2a73b7a1ca29,Af Tropical-Rainforest
185,1,185,R21.2,2012,1.4559085,1.381175255,0.32419415,0.427287063,1.456279735,1.00807078,retrogradational,South America,-14.5386,-67.2033,Bolivia,South America,c874f699-0264-fdd0-617d-2a73b7a1ca29,Af Tropical-Rainforest
186,1,186,R22.1,1984,1.670775875,1.546664807,1.503864177,1.441312817,0.632624852,0.793095042,retrogradational,South America,-14.5625,-67.1967,Bolivia,South America,c874f699-0264-fdd0-617d-2a73b7a1ca29,Af Tropical-Rainforest
187,1,187,R22.2,2004,1.173634508,1.166571566,-0.159067588,-0.059488828,0.397672586,0.711958598,retrogradational,South America,-14.5792,-67.1861,Bolivia,South America,c874f699-0264-fdd0-617d-2a73b7a1ca29,Af Tropical-Rainforest
188,1,188,R23.1,1984,1.809945709,1.648338973,1.585345888,1.507254837,0.757809375,0.826331338,retrogradational,South America,-14.641,-67.082,Bolivia,South America,c874f699-0264-fdd0-617d-2a73b7a1ca29,Af Tropical-Rainforest
189,1,189,R23.2,1984,1.888414624,1.692194196,1.389254737,1.411572321,0.68945994,0.774535773,retrogradational,South America,-14.6737,-67.0843,Bolivia,South America,c874f699-0264-fdd0-617d-2a73b7a1ca29,Af Tropical-Rainforest
190,1,190,R23.3,2014,1.943540888,1.743975168,0.916348001,0.963160127,1.263820094,0.95360694,retrogradational,South America,-14.6436,-67.0744,Bolivia,South America,c874f699-0264-fdd0-617d-2a73b7a1ca29,Af Tropical-Rainforest
191,1,191,R23.4,2016,0.681259412,0.727199192,0.84001885,0.928526343,0.912672596,0.83564225,retrogradational,South America,-14.68,-67.08,Bolivia,South America,c874f699-0264-fdd0-617d-2a73b7a1ca29,Af Tropical-Rainforest
192,1,192,R24.1,1984,1.888414624,1.692194196,1.389254737,1.411572321,0.68945994,0.774535773,retrogradational,South America,-14.7559,-67.0448,Bolivia,South America,c874f699-0264-fdd0-617d-2a73b7a1ca29,Af Tropical-Rainforest
193,1,193,R24.2,2003,-0.827827834,-0.80009958,-0.802001069,-0.845338799,-1.128128827,-1.403014633,retrogradational,South America,-14.743,-67.0582,Bolivia,South America,c874f699-0264-fdd0-617d-2a73b7a1ca29,Af Tropical-Rainforest
194,1,194,R24.3,2012,1.390322352,1.312422544,-0.010951073,0.099632097,1.305911997,0.933825207,retrogradational,South America,-14.688,-66.993,Bolivia,South America,c874f699-0264-fdd0-617d-2a73b7a1ca29,Af Tropical-Rainforest
195,1,195,R24.4,2014,1.858049542,1.669979144,0.835120845,0.924017322,1.390985429,0.946995908,retrogradational,South America,-14.727,-67.061,Bolivia,South America,c874f699-0264-fdd0-617d-2a73b7a1ca29,Af Tropical-Rainforest
196,1,196,R25,1984,1.862553608,1.666227741,1.248863137,1.363625776,0.723273716,0.81390172,retrogradational,South America,-14.9322,-67.001,Bolivia,South America,c874f699-0264-fdd0-617d-2a73b7a1ca29,Af Tropical-Rainforest
197,1,197,R26,2009,0.826956203,0.933388859,-0.199854359,-0.122727885,1.04668078,0.930303981,retrogradational,South America,-15.088,-66.7618,Bolivia,South America,2b1472a7-3382-b2a9-6914-fb6b93bb6460,Am Tropical-Monsoon
198,1,198,R27,2006,0.478490555,0.562800424,-0.023038265,0.128743661,0.469539684,0.747198385,retrogradational,South America,-15.1573,-66.5493,Bolivia,South America,2b1472a7-3382-b2a9-6914-fb6b93bb6460,Am Tropical-Monsoon
199,1,199,R28.1,1993,0.688932971,0.750934954,1.18928898,1.326289926,1.692854321,1.064569143,retrogradational,South America,-15.1312,-66.3277,Bolivia,South America,2b1472a7-3382-b2a9-6914-fb6b93bb6460,Am Tropical-Monsoon
200,1,200,R28.2,1993,0.688932971,0.750934954,1.18928898,1.326289926,1.692854321,1.064569143,retrogradational,South America,-15.1312,-66.3277,Bolivia,South America,2b1472a7-3382-b2a9-6914-fb6b93bb6460,Am Tropical-Monsoon
201,1,201,R3.1,1988,0.733252075,0.749963503,-0.336765805,-0.275207228,0.636269482,0.632080963,retrogradational,Pacific Islands,-9.4622,149.0964,Papua New Guinea,Oceania,57912377-9f5b-a79f-281e-5dc891739f56,Af Tropical-Rainforest
202,1,202,R3.2,2002,-0.677075016,-0.615552229,-0.954806482,-0.981142058,-0.279966661,0.051386889,retrogradational,Pacific Islands,-9.432,149.0949,Papua New Guinea,Oceania,57912377-9f5b-a79f-281e-5dc891739f56,Af Tropical-Rainforest
203,1,203,R30.1,1984,-0.278435034,-0.150372051,0.444924776,0.585864413,-0.367639165,0.267845424,retrogradational,South America,-15.4287,-66.3279,Bolivia,South America,2b1472a7-3382-b2a9-6914-fb6b93bb6460,Am Tropical-Monsoon
204,1,204,R30.2,2011,0.670463071,0.766492865,-0.42187419,-0.304097631,0.519490125,0.736965126,retrogradational,South America,-15.4016,-66.332,Bolivia,South America,2b1472a7-3382-b2a9-6914-fb6b93bb6460,Am Tropical-Monsoon
205,1,205,R31,1984,-0.296007619,-0.173754417,0.403092841,0.553769756,-0.459710149,0.162895961,retrogradational,South America,-15.3568,-66.2579,Bolivia,South America,2b1472a7-3382-b2a9-6914-fb6b93bb6460,Am Tropical-Monsoon
206,1,206,R32.1,1984,-0.44770213,-0.366297612,0.324688748,0.461645092,-0.752426509,-0.183075279,retrogradational,South America,-15.6519,-66.1216,Bolivia,South America,2b1472a7-3382-b2a9-6914-fb6b93bb6460,Am Tropical-Monsoon
207,1,207,R32.2,2012,0.42323701,0.547691861,-0.311479675,-0.20129,0.209706385,0.585068087,retrogradational,South America,-15.6506,-66.105,Bolivia,South America,2b1472a7-3382-b2a9-6914-fb6b93bb6460,Am Tropical-Monsoon
208,1,208,R33,1986,0.058544116,0.207999285,0.109017423,0.250126876,0.673533098,0.762888306,retrogradational,South America,-15.8612,-66.0646,Bolivia,South America,2b1472a7-3382-b2a9-6914-fb6b93bb6460,Am Tropical-Monsoon
209,1,209,R34.1,2002,-1.149988239,-1.406157908,-1.156634766,-1.28371201,-1.029485819,-1.779509702,retrogradational,South America,-16.2666,-65.8723,Bolivia,South America,2b1472a7-3382-b2a9-6914-fb6b93bb6460,Am Tropical-Monsoon
210,1,210,R34.2,2012,-0.036264153,0.068120282,-0.546893724,-0.518663387,0.274007632,0.640297083,retrogradational,South America,-16.2996,-65.8757,Bolivia,South America,2b1472a7-3382-b2a9-6914-fb6b93bb6460,Am Tropical-Monsoon
211,1,211,R35.2,1990,0.522450368,0.652496582,1.372203693,1.274626275,1.582771605,1.036578373,retrogradational,South America,-16.4428,-65.7126,Bolivia,South America,2b1472a7-3382-b2a9-6914-fb6b93bb6460,Am Tropical-Monsoon
212,1,212,R36,1984,0.886911537,0.887932448,1.320405765,1.242347285,0.766383457,0.963768102,retrogradational,South America,-7.5991,-75.4381,Peru,South America,2b1472a7-3382-b2a9-6914-fb6b93bb6460,Am Tropical-Monsoon
213,1,213,R37,1984,0.80201693,0.800036908,1.139761081,1.103318064,0.650398335,0.859063739,retrogradational,South America,-7.4998,-75.2996,Peru,South America,2b1472a7-3382-b2a9-6914-fb6b93bb6460,Am Tropical-Monsoon
214,1,214,R41,1989,1.594206869,1.487381976,0.77883015,0.831215013,0.788457576,0.753717889,retrogradational,Pacific Islands,-4.6912,137.2953,Indonesia,Asia,57912377-9f5b-a79f-281e-5dc891739f56,Af Tropical-Rainforest
215,1,215,R42,2004,0.188228481,0.273266195,-0.074900836,-0.002497827,-0.143165778,0.241542401,retrogradational,Pacific Islands,-3.884,141.9648,Papua New Guinea,Oceania,57912377-9f5b-a79f-281e-5dc891739f56,Af Tropical-Rainforest
216,1,216,R43,1992,0.479265147,0.544665036,-0.018860731,0.046492445,0.148765344,0.476881687,retrogradational,Pacific Islands,-4.1237,142.2188,Papua New Guinea,Oceania,57912377-9f5b-a79f-281e-5dc891739f56,Af Tropical-Rainforest
217,1,217,R44,1989,-0.087082676,-0.027119496,-0.382573473,-0.340973617,-0.018480937,0.338575974,retrogradational,Pacific Islands,-4.1232,142.3248,Papua New Guinea,Oceania,57912377-9f5b-a79f-281e-5dc891739f56,Af Tropical-Rainforest
218,1,218,R45,1987,-0.027879002,0.067229647,-0.858253494,-0.915575034,0.020836033,0.308921937,retrogradational,Pacific Islands,-5.5959,145.3963,Papua New Guinea,Oceania,57912377-9f5b-a79f-281e-5dc891739f56,Af Tropical-Rainforest
219,1,219,R46,1993,0.765669766,0.859149847,1.449026792,1.534659093,0.91812083,0.907656651,retrogradational,South America,-14.4708,-66.3524,Bolivia,South America,2b1472a7-3382-b2a9-6914-fb6b93bb6460,Am Tropical-Monsoon
220,1,220,R48,2002,-0.577885479,-0.51855944,-0.466955537,-0.417530481,-0.683690909,-0.075402505,retrogradational,South America,-11.864,-71.385,Peru,South America,d369bbdf-24c0-d10e-86de-216caa55b33a,Cwb Temperate-Dry_Winter-Warm_Summer
221,1,221,R49,2000,-1.454109898,-1.515212508,-1.254664947,-1.538884015,-1.239518122,-1.022870598,retrogradational,South America,-12.2393,-70.9148,Peru,South America,d369bbdf-24c0-d10e-86de-216caa55b33a,Cwb Temperate-Dry_Winter-Warm_Summer
222,1,222,R5,1995,0.267848341,0.323388857,0.533319741,0.62610212,0.073513207,0.330683783,retrogradational,Pacific Islands,-9.4552,149.0769,Papua New Guinea,Oceania,57912377-9f5b-a79f-281e-5dc891739f56,Af Tropical-Rainforest
223,1,223,R51,1993,0.259899772,0.32117791,0.861771699,0.886437987,0.615438942,0.751851911,retrogradational,South America,-9.5171,-74.4019,Peru,South America,afe5c6fb-f6e3-bbdb-493f-2580b2c65b86,Af Tropical-Rainforest
224,1,224,R52.1,1984,1.876145407,1.674679167,1.279181218,1.388711583,0.721709053,0.812557737,retrogradational,South America,-14.9519,-66.9966,Bolivia,South America,c874f699-0264-fdd0-617d-2a73b7a1ca29,Af Tropical-Rainforest
225,1,225,R52.2,2012,1.171647541,1.13958021,-0.177926855,-0.0942237,1.174202468,0.928709662,retrogradational,South America,-14.9361,-66.9754,Bolivia,South America,c874f699-0264-fdd0-617d-2a73b7a1ca29,Af Tropical-Rainforest
226,1,226,R53,2001,0.075728675,0.158235673,-0.104175048,-0.039217487,-0.118128927,0.238693842,retrogradational,South America,-3.2584,139.274,Indonesia,Asia,57912377-9f5b-a79f-281e-5dc891739f56,Af Tropical-Rainforest
227,1,227,R6,2006,1.730047467,1.560250152,1.182383788,1.172681386,1.696147712,1.056185935,retrogradational,Pacific Islands,-9.433,149.0289,Papua New Guinea,Oceania,57912377-9f5b-a79f-281e-5dc891739f56,Af Tropical-Rainforest
228,1,228,R7,2006,1.643933009,1.491932277,1.166092577,1.158315654,1.690725496,1.057857048,retrogradational,Pacific Islands,-9.4194,149.053,Papua New Guinea,Oceania,57912377-9f5b-a79f-281e-5dc891739f56,Af Tropical-Rainforest
229,1,229,RUS.002.1988,1988,0.726775632,0.62549181,0.876013384,0.783058694,0.914636478,0.906249103,delta,Asia,50.461424,93.107421,Mongolia,Asia,442899fb-0349-1824-cc1a-5ccb5f8fe7d1,Dwb Cold-Dry_Winter-Warm_Summer
230,1,230,RUS.002.1996,1996,0.981438856,0.745957824,1.056905894,0.88122999,1.228557756,1.009968425,delta,Asia,50.481243,93.077127,Mongolia,Asia,442899fb-0349-1824-cc1a-5ccb5f8fe7d1,Dwb Cold-Dry_Winter-Warm_Summer
231,1,231,SA0210.1996,1996,-0.612381985,-0.778518335,-0.624368344,-0.677471693,-0.609474117,-0.74346885,delta,South America,11.431154,-69.95073,Venezuela,South America,bd32fc29-24c3-a0be-0fa0-9499130be644,BSh Arid-Steppe-Hot
232,1,232,SA0505.1999,1999,3.227452807,2.379458436,2.664535163,2.396091032,2.334998233,1.443594588,delta,South America,-3.543468,-80.47866,Peru,South America,9bd355d6-0aa4-7d32-20be-e372c6eca767,BWh Arid-Desert-Hot
233,1,233,SAMBAO.2004,2004,2.23545802,0.852785316,2.128328992,0.95787308,1.249250566,0.810255068,delta,Pacific Islands,-16.59976,44.621719,Madagascar,Africa,cef3b643-c515-7d48-b37f-7c199562ab9a,Aw Tropical-Savanna
234,1,234,SUMA2.2005,2005,0.783529783,0.821836118,-0.209554961,-0.149437842,0.274664419,0.437990701,delta,Pacific Islands,5.2637288,96.854628,Indonesia,Asia,737027e4-9fc4-2449-3574-3381dafc07dc,Af Tropical-Rainforest
235,1,235,Sulengguole.1990,1990,4.165347591,2.181251222,4.021859339,2.531123691,2.896977718,1.323251597,delta,Asia,36.8447,96.00454,China,Asia,ca1e07ff-a1e1-7ca9-58bd-066867896319,BWk Arid-Desert-Cold
236,1,236,Sulengguole.1997,1997,-0.181272566,0.129003855,-0.027366582,0.241368413,0.391182965,0.566059874,delta,Asia,36.8447,96.00454,China,Asia,ca1e07ff-a1e1-7ca9-58bd-066867896319,BWk Arid-Desert-Cold
237,1,237,Sulengguole.2003,2003,0.563292093,0.780337591,0.357471998,0.63075066,0.316383121,0.528898839,delta,Asia,36.8447,96.00454,China,Asia,ca1e07ff-a1e1-7ca9-58bd-066867896319,BWk Arid-Desert-Cold
238,1,238,Sulengguole.2007,2007,-0.142717588,0.171864095,-0.068477233,0.194417912,-0.244615704,0.182400865,delta,Asia,36.8447,96.00454,China,Asia,ca1e07ff-a1e1-7ca9-58bd-066867896319,BWk Arid-Desert-Cold
239,1,239,Sulengguole.2008,2008,-0.262067924,0.034420677,-0.068477233,0.194417912,-0.244615704,0.182400865,delta,Asia,36.8447,96.00454,China,Asia,ca1e07ff-a1e1-7ca9-58bd-066867896319,BWk Arid-Desert-Cold
240,1,240,TKMN.001.2008,2008,-0.765284045,-0.765284045,-0.965773624,-0.965773624,-0.92734888,-0.713018589,fan,Central Asia,42.070578,57.652256,Turkmenistan,Asia,f95062fb-14d1-f9d1-e2cf-2854f21c99bf,BWk Arid-Desert-Cold
241,1,241,TURK.001.1993,1993,1.716380528,1.716380528,1.908060899,1.908060899,1.877577746,0.971117972,delta,Central Asia,38.681588,43.640581,Turkey,Asia,807e306f-7a76-bcf0-b143-fad2019121dd,BSk Arid-Steppe-Cold
242,1,242,TURK.002.1991,1991,-0.1965974,-0.057305375,-0.239038544,-0.111987583,-0.18353552,0.167859457,delta,Central Asia,40.143437,28.556474,Turkey,Asia,2db513eb-3b8c-a1c8-bf59-59f7f4da75ae,Csa Temperate-Dry_Summer-Hot_Summer
243,1,243,UZB.001.1994,1994,2.101712717,1.479610255,2.156307489,1.561610078,1.444938434,1.066237938,delta,Central Asia,39.300571,64.547069,Uzbekistan,Asia,2a7bd039-a19f-e59e-e9e0-5e12d1b43f8c,BSk Arid-Steppe-Cold
244,1,244,V1,1998,1.018352986,0.854425807,0.55931741,0.53645513,0.790748702,0.742294033,fan,South America,1.1092,-76.2348,Colombia,South America,0c9725a8-4dc5-185c-a14d-a5b2fcfe0703,BSh Arid-Steppe-Hot
245,1,245,V10,1997,0.902384815,0.739760542,0.12810182,0.210013452,0.428771974,0.740480091,fan,South America,7.0725,-72.0089,Venezuela,South America,7669d730-1a70-5abd-37c2-bdf0cd794339,BWk Arid-Desert-Cold
246,1,246,V11,2017,0.046568238,0.217349449,-0.038279206,0.104908726,-0.163862107,0.445289145,intra-lobe,South America,7.1703,-71.345,Venezuela,South America,8d027208-7c46-c50b-2f7e-655170bb3451,Cwb Temperate-Dry_Winter-Warm_Summer
247,1,247,V12.1,1997,-0.277521276,-0.092248281,-0.352683801,-0.199194412,-0.50457228,0.082785857,fan,South America,7.4959,-72.035,Venezuela,South America,7669d730-1a70-5abd-37c2-bdf0cd794339,BWk Arid-Desert-Cold
248,1,248,V12.2,2011,3.935203237,2.352573467,3.147280402,2.168057763,3.114961527,1.364621863,fan,South America,7.4959,-72.035,Venezuela,South America,7669d730-1a70-5abd-37c2-bdf0cd794339,BWk Arid-Desert-Cold
249,1,249,V12.3,2016,0.244464286,0.376826289,0.047378672,0.174544585,0.175791217,0.607613025,fan,South America,7.4959,-72.035,Venezuela,South America,7669d730-1a70-5abd-37c2-bdf0cd794339,BWk Arid-Desert-Cold
250,1,250,V13,2000,0.248272543,0.374622427,0.046111484,0.171530984,-0.23634938,0.3333082,fan,South America,7.5596,-72.0799,Venezuela,South America,ceebcc03-341d-7c91-5d26-f28c3d930f14,BWh Arid-Desert-Hot
251,1,251,V14,2016,-0.459087098,-0.170816966,-0.578571182,-0.33331775,-0.631132357,-0.258727965,intra-lobe,South America,8.4146,-69.9831,Venezuela,South America,daeeafed-365b-a7b6-5c51-82e78112c2f8,Csb Temperate-Dry_Summer-Warm_Summer
252,1,252,V4,2009,-0.13248371,0.027578844,-0.24413604,-0.128605571,-0.378066381,0.319746317,fan,South America,3.504,-73.8759,Colombia,South America,c6d5cf70-a235-2990-8912-010672232114,Am Tropical-Monsoon
253,1,253,V5.1,1991,1.018907707,0.845575838,1.169546379,1.058893428,1.001928818,0.88100399,fan,South America,3.7426,-73.5485,Colombia,South America,04be7e87-ae6f-b2b8-37ac-7bdc06905d81,Cfb Temperate-Withouth_dry_season-Warm_Summer
254,1,254,V5.2,1998,1.245651948,1.158818905,0.406449202,0.474960526,0.908846561,0.919269439,fan,South America,6.1934,-71.778,Colombia,South America,c192e5df-4a2b-c36c-c448-85513a99548b,ET Polar-Tundra
255,1,255,V6,2012,2.582237903,1.939520399,2.613674831,2.10369452,2.429953246,1.229313207,fan,South America,6.1934,-71.778,Colombia,South America,c192e5df-4a2b-c36c-c448-85513a99548b,ET Polar-Tundra
256,1,256,V7,2010,-0.089283513,0.057847919,0.053686518,0.155898854,-0.496346159,0.072249778,intra-lobe,South America,6.73,-71.2565,Colombia,South America,04be7e87-ae6f-b2b8-37ac-7bdc06905d81,Cfb Temperate-Withouth_dry_season-Warm_Summer
257,1,257,V8,2011,1.465150152,0.989916517,1.076880441,0.886883887,1.313341858,0.974018011,fan,South America,6.94976,-71.98327,Colombia,South America,bbe39545-ca5b-020c-b0de-8b6c9ef411ae,BSk Arid-Steppe-Cold
258,1,258,V9,2011,1.687729448,1.182096455,1.226552162,1.037443986,1.149888476,0.986051268,fan,South America,7.03724,-72.04633,Colombia,South America,7669d730-1a70-5abd-37c2-bdf0cd794339,BWk Arid-Desert-Cold
259,1,259,VENEZ2.1986,1986,1.065506786,0.61899785,0.972254097,0.689044261,1.09655462,1.038031945,delta,South America,9.8023066,-71.07847,Venezuela,South America,a6f8903b-e71c-2413-ccdf-cbc6da622858,Aw Tropical-Savanna
260,1,260,VENEZ2.2009,2009,0.338648086,0.301398586,0.424438345,0.388964419,0.013449804,0.407875393,delta,South America,9.8005938,-71.08504,Venezuela,South America,a6f8903b-e71c-2413-ccdf-cbc6da622858,Aw Tropical-Savanna
