site_name,avulsion_year,p95_zscore,p95_mean,p95_std,p95_avulsion_window,global_mean,global_p95,av_type,site_area
A001,1987,1.3135162742111335,439.6085648999999,55.29070368284324,512.233804,233.83933081457943,483.4540179999999,fan,South America
A002,1987,-1.1581711726482224,684.4182449666665,95.48590923205123,573.8292175,412.6415566560748,755.2253319999995,fan,South America
A004,2002,-0.3826629136711243,457.08778666666655,47.989431456765324,438.724011,253.10254548542053,484.093661,fan,South America
A005,1993,-0.5327785713059447,599.1346600444444,62.1589274194499,566.0177155,347.6664259214953,641.5852,fan,South America
A006,1985,0.20264036871218766,456.4667522333333,66.15514397186561,469.872455,241.78384340672898,484.0173599999999,fan,South America
A009,1991,0.5857018274163549,603.5078829222222,69.95955989846989,644.4833249999999,339.023186788785,649.036798,fan,South America
A012,2006,-0.26678597729223347,308.2213848333333,41.66585495292769,297.105519,133.44012727188783,333.856354,fan,South America
A014,2005,0.3790856053893727,788.6144146888889,93.44126579200343,824.0366534999998,448.93307691775703,832.1887559999999,fan,South America
A015,1998,-0.41405516683241256,739.7890873888889,88.13223167351212,703.2974815,423.5777346,779.4395999999999,fan,South America
A016,1995,-0.4104477948493996,661.3957873333333,71.49385062258744,632.0512939999999,374.82211166915886,710.1751529999999,fan,South America
A017,1991,-0.08112518660247832,612.0145902666666,68.25789250631426,606.4771559999999,343.42394629719627,649.6240899999999,fan,South America
A018,1997,0.607146177120618,634.076955,87.3955679860245,687.1388399999998,375.74363123551404,692.2728399999999,fan,South America
A020,1989,0.3772404954105843,332.2631362222222,43.50859591548824,348.6763404999999,170.93585815140187,357.0089979999999,fan,South America
A022,1992,0.7630729091052445,395.63229079999996,70.12776703440696,449.14488999999975,181.42471718280373,425.3738619999999,fan,South America
A023,1999,-0.2028596646036131,395.63229079999996,70.12776703440696,381.40619549999985,181.42471718280373,425.3738619999999,fan,South America
A024,1998,-0.20604869163897907,594.8525984888888,111.01105669220244,571.9789155,266.0892366794393,633.5691879999998,fan,South America
A025,1991,-0.44099968168697495,448.40254601111104,94.50293331661175,406.72678249999984,202.95455309850468,502.420601,fan,South America
A026,2002,0.03616655070190084,559.0007716333332,106.34932809516096,562.8470599999999,271.1403049439253,619.4900299999998,fan,South America
A027,1991,0.41824234787899617,414.91637476666654,72.41585742555151,445.20375299999984,200.25920905850467,448.5944949999997,fan,South America
A028,1993,0.9802414277652719,388.57086781111116,76.22303656276449,463.28784599999994,186.24152673626168,431.739866,fan,South America
A030,2002,0.031993334273715875,414.91637476666654,72.41585742555151,417.23319949999996,200.25920905850467,448.5944949999997,fan,South America
A035,1994,-0.42941514610966713,491.869951311111,93.71368517316739,451.62787549999996,246.20940296261682,551.6709699999998,fan,South America
A037,1990,-0.548872516576849,466.43304592222216,83.77990523011346,420.4485584999999,221.87868126925233,510.2617979999998,fan,South America
A042,1995,0.20337616074101866,747.6947887999999,133.40837294372093,774.8268714999998,345.3456035943925,821.4904599999998,fan,South America
A044,1991,0.2048617969458749,263.2436926388889,59.66843522484865,275.4674754999999,95.77879828882243,286.01361599999996,fan,South America
A045,1992,0.5666286681796179,191.7717088066666,46.276344043046805,217.993212,97.11026005551402,217.2358399999999,fan,South America
A047,2002,-0.789051539960076,465.6402566444444,87.02978850775587,396.9692679999999,242.6317127906542,504.35320099999996,fan,South America
A048,2000,-0.3939231825140155,664.9386206555554,127.15461511020173,614.84947,292.86567040280374,723.1167619999999,fan,South America
A049,1992,0.8223520166584879,198.13637229999995,45.80750267150359,235.8062645,100.77061953233645,221.39250099999995,fan,South America
A050,1987,1.1522430749248016,414.91637476666654,72.41585742555151,498.357045,200.25920905850467,448.5944949999997,fan,South America
A051,1998,-0.37534676579770626,465.6402566444444,87.02978850775587,432.9739069999998,242.6317127906542,504.35320099999996,fan,South America
AFR0211.1998,1998,0.22284445153520593,105.91413157777772,45.099233357553466,115.96424549999999,27.337676192835698,135.76122799999976,delta,Africa
ANGO2.2003,2003,-0.3490634332834038,71.89612819666664,36.051264030425045,59.31195019999999,19.833572379871026,79.644061,delta,Africa
ARG.001.2001,2001,1.2176769737448354,220.36077646222216,47.14212124849356,277.7646519999999,86.31432591040374,238.940663,delta,South America
B1.a,1994,-1.0847191549957556,191.7717088066666,46.276344043046805,141.574872,97.11026005551402,217.2358399999999,fan,South America
B1.b,1989,-0.25235483805297054,191.7717088066666,46.276344043046805,180.09364949999997,97.11026005551402,217.2358399999999,fan,South America
B1.c,1988,0.4612770333256406,191.7717088066666,46.276344043046805,213.1179234999999,97.11026005551402,217.2358399999999,fan,South America
B1.d,1989,-0.25235483805297054,191.7717088066666,46.276344043046805,180.09364949999997,97.11026005551402,217.2358399999999,fan,South America
B10,1987,0.8451774950748308,491.869951311111,93.71368517316739,571.0746489999999,246.20940296261682,551.6709699999998,intra-lobe,South America
B10.av.b,2012,0.500080192154341,491.869951311111,93.71368517316739,538.7343089999999,246.20940296261682,551.6709699999998,intra-lobe,South America
B10.av.c,2012,0.500080192154341,491.869951311111,93.71368517316739,538.7343089999999,246.20940296261682,551.6709699999998,intra-lobe,South America
B10.p.a,2017,-0.11048080962753228,491.869951311111,93.71368517316739,481.5163874999998,246.20940296261682,551.6709699999998,intra-lobe,South America
B10.p.b,2017,-0.11048080962753228,491.869951311111,93.71368517316739,481.5163874999998,246.20940296261682,551.6709699999998,intra-lobe,South America
B11,1994,-0.34376903189652736,594.8525984888888,111.01105669220244,556.6904349999999,266.0892366794393,633.5691879999998,intra-lobe,South America
B12.av.a,2003,-1.127312605781142,448.40254601111104,94.50293331661175,341.86819799999995,202.95455309850468,502.420601,intra-lobe,South America
B12.a ,1987,0.7771712465562038,448.40254601111104,94.50293331661175,521.8475085,202.95455309850468,502.420601,intra-lobe,South America
B12.b,1990,1.098403968489749,448.40254601111104,94.50293331661175,552.2049429999995,202.95455309850468,502.420601,intra-lobe,South America
B12.p.a,2016,1.2000932987860269,448.40254601111104,94.50293331661175,561.8148829999996,202.95455309850468,502.420601,intra-lobe,South America
B13,2010,-0.28865457515663306,395.63229079999996,70.12776703440696,375.3895899999999,181.42471718280373,425.3738619999999,intra-lobe,South America
B14,1990,-0.25625880146975366,332.01858651111104,66.29164506225224,315.03076899999996,161.6406246271028,376.87264799999997,intra-lobe,South America
B15,2017,-0.20957226533202813,263.2436926388889,59.66843522484865,250.73884349999997,95.77879828882243,286.01361599999996,fan,South America
B2,2011,-0.6095571549796842,388.57086781111116,76.22303656276449,342.1085705,186.24152673626168,431.739866,intra-lobe,South America
B3,2011,-1.2557013684489151,414.91637476666654,72.41585742555151,323.9836835,200.25920905850467,448.5944949999997,fan,South America
B4,2016,-0.7661780670623797,559.0007716333332,106.34932809516096,477.51824899999997,271.1403049439253,619.4900299999998,fan,South America
B6,2017,-1.0324494389726597,747.6947887999999,133.40837294372093,609.9573889999998,345.3456035943925,821.4904599999998,fan,South America
B7,2011,0.0074379387980371345,697.6492147666667,130.74996443770695,698.6217249999999,295.1333387065421,785.1196219999998,intra-lobe,South America
B8,2011,-0.10652500717761554,680.5535093222221,123.01502876571286,667.4493325,289.366195106542,742.2794949999998,intra-lobe,South America
B9.a,2015,0.6130044534906594,664.9386206555554,127.15461511020173,742.8849659999997,292.86567040280374,723.1167619999999,intra-lobe,South America
B9.b,2002,-0.7034862287776975,664.9386206555554,127.15461511020173,575.4870999999999,292.86567040280374,723.1167619999999,intra-lobe,South America
B9.c,1994,-0.11106282413199238,664.9386206555554,127.15461511020173,650.8164699999999,292.86567040280374,723.1167619999999,intra-lobe,South America
BETSIBOKA.2004,2004,2.354598687272442,460.50290227777765,91.98368830023976,677.0875739999997,146.0750232430187,523.3546279999999,fan,Tropical Island
BS0115.1995,1995,-0.1427863676489278,104.54877192555553,31.284087893730963,100.08183064999989,45.35649147854206,116.83007199999996,delta,Central Asia
CA0067.1986,1986,-0.8879175002778171,430.0105416444443,126.09660425592753,318.04715999999996,228.2032315308411,459.2241239999998,delta,Central America
CA0194.2007,2007,-0.11517127197722683,356.74572603333326,74.60054826026584,348.15388599999994,141.87348911890092,396.86287099999987,delta,Central America
CA0318.1.2002,2002,-0.534334714662383,60.33761085555553,36.08406224876886,41.05664374999996,15.156285404663365,73.4780261999999,delta,Central America
CASP1.1991,1991,0.3091045346215783,249.90950024444436,67.55330937192217,270.79053449999986,115.83844400599999,283.579321,delta,Central Asia
CON.001.2013,2013,1.0054922921256528,158.10154435999996,23.47137648375999,181.70183249999994,92.0737546904673,175.90336799999974,delta,Africa
ECN0095.1999,1999,1.7080626521419846,124.10729195888887,26.02781518895683,168.5644309999999,72.49930220411214,135.25042899999994,delta,North America
FIHERENANA.2001,2001,-0.12339364756114123,123.87974334888885,50.194442512285,117.68606799999999,34.207914881252336,140.77786599999976,delta,Tropical Island
G1,2007,3.5916648346497206,508.1853296999999,95.9491811361091,852.8026294999993,293.78181116168224,529.2762979999998,fan,Tropical Island
G10,2016,-0.5022406621885328,446.9197763555555,82.1208375997104,405.6753525,290.98602442990654,489.760703,fan,Tropical Island
G11,2013,1.1047784017547246,244.89212479999995,39.823101293545726,288.8878269999999,141.27642448766355,262.0342529999999,fan,Tropical Island
G12,2009,1.0027100339198753,554.0235755333332,98.43813378509972,652.7284799999998,334.14607726355143,579.6855999999999,fan,Tropical Island
G13,2013,0.20359680096474733,623.1827032555555,136.16320154875459,650.9050955,352.90098540186915,689.378335,fan,Tropical Island
G14,2007,-0.3966067365906106,600.6406914111109,132.46805226443223,548.1029695,331.58999802429906,670.6359399999999,fan,Tropical Island
G15,2010,0.5878101080551248,362.7043117999999,63.941466274471225,400.28975199999996,218.63642659252335,406.2659859999998,fan,Tropical Island
G16,2015,-0.515981113041659,374.32484839999984,59.98281452116064,343.374849,228.50223291495328,417.60235199999937,fan,Tropical Island
G17,2013,-0.2088068322472099,490.7501258,72.78836203025179,475.5514185,252.0844078,529.5595099999998,delta,Tropical Island
G18,2015,-0.08273587332569962,425.56881175555554,69.217281758924,419.84205949999995,222.46720086355137,457.6087449999999,fan,Tropical Island
G19,2011,0.7516449903307909,532.9312803666666,86.32014044925586,597.8133815,372.8256066579439,557.7207149999999,fan,Tropical Island
G2,2010,0.39650333628149487,719.3444534111109,107.46176687562378,761.9534024999999,405.33571892897197,778.6581299999996,fan,Tropical Island
G20,2014,1.2956668741362067,580.6995065,103.57126988328999,714.8933699999998,393.28509769719625,618.6605899999998,intra-lobe,Tropical Island
G21,2016,-0.7515412360941175,441.3686311222221,87.2997328306357,375.7592819999999,293.94087133644865,499.86750599999993,fan,Tropical Island
G22,2013,0.08305880122306408,533.7879659444443,142.78931167937787,545.6478749999999,341.827254256056,601.2073899999999,intra-lobe,Tropical Island
G23,2014,-0.06376232194431984,556.023577122222,161.62691081453244,545.71787,346.98924125046733,652.3477899999996, fan,Tropical Island
G24,2014,-0.004911069547234464,557.8681299444444,152.87788886379275,557.1173359999999,351.02057764672895,639.6365439999998,fan,Tropical Island
G25.1,2016,-0.28474622622035634,362.04811807777776,60.71566007129001,344.75956299999996,195.30531432074767,399.649399,fan,Tropical Island
G25.2,2015,0.20327994208903566,333.04561987777765,54.81180783366274,344.18776099999997,186.6908527271028,370.92758199999986,fan,Tropical Island
G26,2013,1.9488914322582798,504.6103518333332,229.78665550791786,952.4395959999991,232.32449120747663,622.0847529999994,intra-lobe,Tropical Island
G3,2011,0.788600291459074,393.69313865555546,82.88110979963602,459.05320599999993,211.97732668635516,429.79327999999964,fan,Tropical Island
G4,2011,0.9119670134978537,415.03923732222216,88.24416507030503,495.51500499999986,223.53214562990655,453.37984299999965,fan,Tropical Island
G5,2015,-0.43815410222088025,399.97698612222206,67.19718809657424,370.53426249999995,252.0962113065421,452.34845499999994,fan,Tropical Island
G6,2014,1.0379851320692706,485.8821213777777,65.47854687160049,553.8478794999999,319.20639426168225,519.1605249999997,fan,Tropical Island
G7,2016,0.6123914593113358,406.1682244777777,61.8780102923634,444.0617895,276.0735350672897,437.39422799999994,fan,Tropical Island
G8,1999,0.8113627018778229,588.4164967444443,86.76051547924787,658.8107429999995,386.4547674990654,628.7200949999996,intra-lobe,Tropical Island
G9,2012,0.07533269073783089,529.1090777222223,88.27035398110728,535.7587209999999,356.39452858317753,561.7990699999999,fan,Tropical Island
H001,2008,1.53367667669538,468.9649319777776,94.92975523102348,614.5564834999996,151.9981226433271,539.9004249999998,fan,Asia
H002,2000,0.9716257701768405,910.8362570999996,148.9332800154761,1055.5436699999996,353.84655007102805,984.4663099999995,fan,Asia
H005,1998,2.3320979788207694,665.0963774222221,107.66635615573121,916.1848689999999,275.44051189345794,721.2220689999996,fan,Asia
H006,1997,-1.0993862574259305,883.8065723555552,131.42694969996924,739.31759,311.4277712149532,980.1166149999996,fan,Asia
H007,2010,1.2273114012262931,1060.035146011111,151.60407847835324,1246.1005599999996,376.5461284142056,1196.22795,fan,Asia
H008,2006,0.07651379493360956,1034.1328282777777,183.90790490044463,1048.20432,363.7812434818691,1165.3546599999997,fan,Asia
H009,1994,0.31078804178778296,917.7709650888888,140.42974324254328,961.41485,358.03385233831773,998.4547709999998,fan,Asia
H010,2006,-0.4887465596245231,686.1626615111109,98.93097978685975,637.8104854999999,281.5834934252337,736.0133399999999,fan,Asia
H011,2001,-0.5923418339029287,961.8283930111108,173.21378491042898,859.2266219999999,332.59090731831776,1073.10422,fan,Asia
H013,1990,0.8989866532705163,854.7392751111109,135.3978248131582,976.4601124999997,356.6133110485981,945.8230079999993,fan,Asia
H015,1992,-1.2837624371645382,408.4228285777777,92.33892085174358,289.88159049999996,131.29371925334578,466.04640599999965,fan,Asia
H016,2003,1.5677555858942218,404.68777985555556,89.59086027706918,545.1443514999995,129.27322421807477,456.999623,fan,Asia
H017,2002,0.1000748117848427,372.0352266666665,78.99337697810878,379.9404739999999,120.34149126859066,417.8991199999994,fan,Asia
H020,2011,-0.3264792733368908,440.9510016666666,83.65456369563843,413.63952049999995,133.2902927142056,501.75945299999995,fan,Asia
H021,2001,1.2074529885925942,427.157030111111,78.68472792438097,522.16514,129.97350098897198,486.15412199999975,fan,Asia
H022,2010,0.6048001512139424,562.1186512888887,143.46993306292495,648.8892884999999,152.36362589196258,663.0415999999999,fan,Asia
H023,2003,0.9095339501333544,307.04473356666665,63.64780052998068,364.9345689999998,100.08314540126356,358.6073179999998,fan,Asia
H024,1999,1.8100032606605265,436.4379247888889,95.85347605826794,609.9330289999996,126.93257733379438,496.7207629999999,fan,Asia
H025,2006,0.13632754496374028,498.21592836666656,124.70162679049722,515.2161949999996,135.6553064073645,598.0562849999998,fan,Asia
H026,2001,-0.4762954415972244,1034.1328282777777,183.90790490044463,946.5383315,363.7812434818691,1165.3546599999997,fan,Asia
H027,1992,0.9988997625186666,1060.035146011111,151.60407847835324,1211.4724239999994,376.5461284142056,1196.22795,fan,Asia
H028,2002,-0.8198723333102594,364.521676011111,79.2373024087971,299.5572039999999,112.89058667730279,393.3231879999995,fan,Asia
H029,2001,1.209833809054263,367.6457678444443,87.86733050438971,473.950635,102.57485146910281,437.0758819999996,fan,Asia
H030,2001,1.3095983596952452,433.15992698888886,80.60774872662233,538.7237025,131.13621964413085,494.123848,fan,Asia
H1,2011,0.5736593797794957,917.7709650888888,140.42974324254328,998.3298045,358.03385233831773,998.4547709999998,fan,Asia
H2,2013,-0.08053764989325848,854.7392751111109,135.3978248131582,843.8346525000001,356.6133110485981,945.8230079999993,fan,Asia
H3,2013,-1.2669028617478024,408.4228285777777,92.33892085174358,291.4383854999999,131.29371925334578,466.04640599999965,fan,Asia
H4,2013,0.41301676620517386,436.4379247888889,95.85347605826794,476.0270174999998,126.93257733379438,496.7207629999999,fan,Asia
H6,2015,-0.6752574892554063,543.7840174555554,102.2065709062447,474.76826499999993,235.05156749906544,603.8943749999997,fan,Asia
Indus.2010,2010,0.7189316347095274,103.08778200833329,69.21612165775969,152.84944149999998,22.117474976229907,132.248788,delta,Asia
JA.12.Eritrea,2006,-0.5028648289753951,49.097877634444416,42.258083902471874,27.8477735,18.506389669566357,54.63340279999989,delta,Africa
JA.18.PNG.1994.1994,1994,0.3772431445518152,600.6406914111109,132.46805226443223,650.6133559999995,331.58999802429906,670.6359399999999,fan,Tropical Island
JA.25.India.1990,1990,1.2418386924290965,482.0893659222222,91.17621778743417,595.315521,183.60798311831775,525.2682499999999,fan,Asia
JA.25.India.1996,1996,1.8549719343708773,482.0893659222222,91.17621778743417,651.2186909999994,183.60798311831775,525.2682499999999,fan,Asia
JA.26.Ethiopia.1988,1988,-0.32793186517023937,114.13560622444442,35.843794009900186,102.381284,40.83400580727178,135.81304699999995,fan,Africa
JA.26.Ethiopia.1992,1992,0.04436194101317295,114.13560622444442,35.843794009900186,115.72570649999993,40.83400580727178,135.81304699999995,fan,Africa
JA.26.Ethiopia.1998,1998,1.6338232849842949,114.13560622444442,35.843794009900186,172.69803149999993,40.83400580727178,135.81304699999995,fan,Africa
JA.26.Ethiopia.2002,2002,-0.6936846813029005,114.13560622444442,35.843794009900186,89.27131539999999,40.83400580727178,135.81304699999995,fan,Africa
JA.26.Ethiopia.2009,2009,0.05553906416842124,114.13560622444442,35.843794009900186,116.12633699999994,40.83400580727178,135.81304699999995,fan,Africa
JA.26.Ethiopia.2011,2011,1.2583364016403444,114.13560622444442,35.843794009900186,159.23915699999995,40.83400580727178,135.81304699999995,fan,Africa
JA.28.Eritrea.1997.1997,1997,0.5903378308139534,73.12680994222221,48.705805908005985,101.8796897499999,28.13622302457944,79.2265683,delta,Africa
JA.30.Eritrea.2007.2007,2007,-0.6275266975565373,51.776575539999975,36.12540355377877,29.10692034999999,20.69197964568598,55.458208499999955,delta,Africa
JA.34.Morocco.2001.2001,2001,0.8887778065192629,133.84563994555555,51.33491601587981,179.47097399999979,45.06514824605233,165.55302799999993,delta,Africa
JA.35.Madagascar.2000.2000,2000,3.3600144353867267,225.20842956888887,79.15766659511341,491.1793319999996,56.342859445717764,278.2028659999996,delta,Tropical Island
JA.36.Eritrea.2005.2005,2005,-0.5760562409070975,38.359917286666665,11.6849019395525,31.6287566,14.866498853294207,39.88917179999999,delta,Africa
JA.37.Somalia.1989.1989,1989,-0.18196399664765986,41.31623105155553,27.141925284916464,36.37737784999996,11.158200194289721,49.88069939999999,delta,Africa
JA.38.Madagascar.1994.1994,1994,0.7906340165862595,243.64025207111106,79.35651845564563,306.3822149999998,62.91518849899253,302.09214099999986,delta,Tropical Island
JA.4.Kosi.2008.2008,2008,1.5589354219234872,461.944926711111,91.97303606840859,605.3249504999997,147.61619133381305,511.0917079999999,fan,Asia
JA.40.NewGuinea.Madang.1989.1989,1989,-0.3894897791262371,443.32472379999984,60.19247630218663,419.8803694999999,247.74463177177572,471.43551999999994,delta,Tropical Island
JA.69.PNG.2004,2004,1.251452875171808,492.4247018444444,81.34673400433016,594.2263059999997,268.3372331558879,525.6484289999999,delta,Tropical Island
JA.69.PNG.2009,2009,1.753946958066692,492.4247018444444,81.34673400433016,635.1025584999996,268.3372331558879,525.6484289999999,delta,Tropical Island
JA.8.India.2004.2004,2004,0.02829789367779953,693.845225233333,167.91600536667232,698.5968945,252.0774828601869,780.0773309999997,fan,Asia
JA.82.DeinNewGuinea.2012,2012,-0.13906757698720193,437.3553447777777,73.36517611662062,427.15262749999994,231.79207045476633,471.2954439999997,delta,Tropical Island
JA.91.Peru.1998,1998,-0.7345177131360214,10.034471953999997,5.077574083375903,6.304903849999999,4.408239991588786,10.338052199999998,delta,South America
JA.95.PNG.1989.1989,1989,0.005984446687590179,463.89657856666656,56.70080310633209,464.23590149999995,263.5233890702056,491.3251029999998,fan,Tropical Island
JAVA12.1985,1985,1.3183791152528674,265.4731538666666,38.22464005254481,315.86772099999996,117.09113549725232,298.68295299999977,delta,Tropical Island
JAVA3.1992,1992,-0.805365501296595,577.0764669888889,90.74466235669387,503.9938464999999,253.79953362254207,623.8811209999999,delta,Tropical Island
JAVA5.1995,1995,1.1940210911135278,442.8409511888889,71.63288483568219,528.3721264999998,192.41378369768225,487.97486299999997,delta,Tropical Island
JAVA5.1998,1998,-0.8277208690519465,442.8409511888889,71.63288483568219,383.5489175,192.41378369768225,487.97486299999997,delta,Tropical Island
JAVA5.2018,2018,0.017650452219135616,442.8409511888889,71.63288483568219,444.10530399999993,192.41378369768225,487.97486299999997,delta,Tropical Island
JAVA6.2010,2010,0.3726748324597596,323.28876739999987,53.75800390857675,343.3230224999998,144.61226965370096,363.8522089999999,delta,Tropical Island
JAVA7.1990,1990,0.915512700056098,345.5475801666665,59.34607988507887,399.8796699999999,141.14204679820563,392.8650399999999,delta,Tropical Island
JAVA7.2010,2010,1.3445373390769688,345.5475801666665,59.34607988507887,425.34060049999965,141.14204679820563,392.8650399999999,delta,Tropical Island
JAVA9.2014,2014,3.050804239510235,355.90548779999983,70.64083739263368,571.4168539999998,156.0130133435327,407.85671499999995,delta,Tropical Island
KAZ.001.1993,1993,-0.5306693036944141,40.02525650777776,11.998002642045007,33.6582848,15.9553758437757,47.84821139999999,delta,Central Asia
KAZ.014.2011,2011,0.7684060529401558,36.52999411333333,12.246034307852456,45.93992099999997,14.126759033158878,46.35495399999997,fan,Central Asia
KEN.001.1989,1989,0.7876146979892958,117.19717263888886,39.385816237691195,148.21802039999992,39.79815028886916,137.97232999999989,delta,Africa
MAHAJAMBA.2004,2004,2.746682761915257,553.8726312222223,105.86844804567522,844.6596724999994,166.36428144090357,622.0489639999998,fan,Tropical Island
MALAWI1.2014,2014,-0.4466660652570379,381.2925138555555,79.3180199063652,345.86384599999997,117.54416922943176,444.4540979999997,fan,Africa
MANAMBOLO.2004,2004,0.6372892007727384,341.4635082777777,99.17985687750884,404.6697599999999,96.04490222493459,404.78029999999984,delta,Tropical Island
PI0019.1989,1989,1.7195790076674942,490.5755606444444,85.18944241722295,637.0655374999998,310.006039188785,541.3195649999999,delta,Tropical Island
PI0209.2006,2006,0.7545522197621131,365.68850202222217,54.64431936967452,406.9204944999999,158.99608192624297,403.71969299999984,delta,Tropical Island
PI0269.1.1996,1996,0.6020036632244755,366.69629646666664,88.60101904968738,420.0344345,144.01708411906546,425.8841389999999,fan,Tropical Island
PI0354.2002,2002,-0.6853646490843153,325.15955497777776,149.08964974236255,222.97877949999997,156.40603740728972,395.39753399999995,fan,Tropical Island
PI0801.1.2007,2007,0.22175097388998893,648.1281935999998,96.57829241654103,669.5445239999999,245.85111403932711,706.718447,delta,Tropical Island
PNG.010.2011,2011,-0.5245247998290511,204.4656183444444,28.767269630267556,189.37647199999998,109.06759789719625,224.04724299999998,fan,Tropical Island
PNG0066.1.2003,2003,-0.17915032826854557,623.1827032555555,136.16320154875459,598.7890209999999,352.90098540186915,689.378335,fan,Tropical Island
PNG0069.1991,1991,0.42304825429856835,616.2594615333333,145.0280856693143,677.6133399999999,323.1653062897196,696.5747179999997,fan,Tropical Island
R1,2000,1.015836177424717,275.8267307333333,86.22752094607112,363.4197659999999,131.507370444,306.393412,retrogradational,Tropical Island
R10.1,1986,0.8694083737416182,429.07956929999995,77.28049295274876,496.2678769999998,210.94017936074763,463.18790399999995,retrogradational,South America
R10.2,1995,-0.2005127970583028,429.07956929999995,77.28049295274876,413.58384149999983,210.94017936074763,463.18790399999995,retrogradational,South America
R10.3,2008,-0.38773862141797,429.07956929999995,77.28049295274876,399.1149375,210.94017936074763,463.18790399999995,retrogradational,South America
R11.2,1990,0.6898207884552998,324.27228426666665,66.43136521871116,370.09802099999996,167.39908900971963,361.57753799999995,retrogradational,South America
R11.3,2000,-0.9619789169810249,324.27228426666665,66.43136521871116,260.36671149999995,167.39908900971963,361.57753799999995,retrogradational,South America
R12,1985,1.4858079495603087,322.5909879888888,69.95423401918761,426.5295449999999,169.23815154966357,372.90950999999995,retrogradational,South America
R14,1989,0.4464528983094616,358.7147501444444,69.77692041762108,389.8668585,178.54237655555139,394.06679799999995,retrogradational,South America
R15,2005,0.03507598268163276,584.1569078888888,92.93102749813421,587.4165549999997,303.3155799495327,633.9975599999999,retrogradational,South America
R16.2,1992,0.7424651868945568,443.28387688888876,79.2042006131968,502.0902384999999,218.66831499327103,471.3661959999997,retrogradational,South America
R16.3,2011,0.0723405774788704,443.28387688888876,79.2042006131968,449.0135544999997,218.66831499327103,471.3661959999997,retrogradational,South America
R17.2,2006,-0.44757216133560657,435.3843901444444,78.58980893601478,400.2097794999999,215.93642722904673,473.290536,retrogradational,South America
R19.2,1986,-0.26610196341987447,331.24074335555554,78.73170526930002,310.2900819999999,165.97859732429907,373.430885,retrogradational,South America
R19.3,2012,0.15889024760298703,331.24074335555554,78.73170526930002,343.7504435,165.97859732429907,373.430885,retrogradational,South America
R2.1,1988,-0.4064007605860883,403.3208820555554,68.29142006410292,375.5671969999999,211.31589028598134,429.89332799999977,retrogradational,Tropical Island
R2.2,2002,-0.5000624898925814,403.3208820555554,68.29142006410292,369.1709044999999,211.31589028598134,429.89332799999977,retrogradational,Tropical Island
R2.3,2014,-0.3472285249493585,403.3208820555554,68.29142006410292,379.6081529999999,211.31589028598134,429.89332799999977,retrogradational,Tropical Island
R20.2,1990,0.2709823882705132,335.5067786222222,76.44328662827664,356.221563,167.58763094411214,381.52817899999985,retrogradational,South America
R20.3,1996,0.035682444520972835,329.5227711333333,77.29503692062286,332.280847,164.6598252949533,370.9588879999999,retrogradational,South America
R20.4,2015,2.6759293117848664,335.5067786222222,76.44328662827664,540.0636099999998,167.58763094411214,381.52817899999985,retrogradational,South America
R21.2,2012,0.20837254793997012,335.1858059777777,76.41191068417129,351.1079504999999,167.06983805943926,380.731052,retrogradational,South America
R22.2,2004,-0.7694094421728152,339.3332978555555,77.31066074205404,279.8497454999999,168.31940267831772,380.09777399999973,retrogradational,South America
R23.3,2014,1.4366696118619136,337.33515322222223,75.52216868926581,445.8355579999997,168.7475613071028,369.92383099999995,retrogradational,South America
R23.4,2016,0.11064646212901219,337.33515322222223,75.52216868926581,345.69141399999995,168.7475613071028,369.92383099999995,retrogradational,South America
R24.2,2003,-1.132643661755344,333.36684244444433,68.77806637236213,255.4658015,165.79784276074764,368.28674999999987,retrogradational,South America
R24.3,2012,0.4870294562950208,331.565632911111,72.65407591169291,366.95030799999995,165.64215164598133,370.20770799999997,retrogradational,South America
R24.4,2014,1.5899765989859076,333.36684244444433,68.77806637236213,442.7223584999997,165.79784276074764,368.28674999999987,retrogradational,South America
R26,2009,-0.5933858094155954,345.9068503555555,71.28173219580852,303.60928199999995,164.43734414747664,381.75372499999986,retrogradational,South America
R27,2006,0.11321135299353917,351.97316023333326,75.68992896989505,360.54211949999996,163.76594628878505,378.5591619999998,retrogradational,South America
R28.1,1993,0.34425932101351225,366.83294136666666,76.59645657727383,393.2019854999999,168.0045197708411,399.1112339999999,retrogradational,South America
R28.2,1993,0.34425932101351225,366.83294136666666,76.59645657727383,393.2019854999999,168.0045197708411,399.1112339999999,retrogradational,South America
R3.1,1988,-0.2637218795626798,390.33711735555545,69.18399370507669,372.0917845,209.4702823046729,418.9688009999999,retrogradational,Tropical Island
R3.2,2002,-0.9512519669267597,378.67962846666666,68.92044878338154,313.11891599999996,200.26201228485982,409.10781899999995,retrogradational,Tropical Island
R30.2,2011,0.4547841928130251,376.6054152444444,76.5134943242447,411.402543,174.56849353327104,402.2484609999998,retrogradational,South America
R32.2,2012,1.0465867832303852,413.20594976666655,86.59065371876021,503.8305835,188.1643033859813,437.9982839999998,retrogradational,South America
R33,1986,-0.6043429368428557,453.81342767777767,93.19533619770397,397.49148449999996,205.7689961990654,499.451126,retrogradational,South America
R34.1,2002,-0.48501261976298654,675.548756311111,131.73621923968577,611.6550274999998,302.4692225850467,751.4730109999999,retrogradational,South America
R34.2,2012,0.32931117151584255,675.548756311111,131.73621923968577,718.9309649999998,302.4692225850467,751.4730109999999,retrogradational,South America
R35.2,1990,0.18937613534171324,680.1063847333332,132.74137853382166,705.2444339999998,304.92419634018694,722.3030249999999,retrogradational,South America
R41,1989,2.059990029752972,732.6637086555555,215.56709009785604,1176.7297649999996,444.08162536448606,870.5497019999999,retrogradational,Tropical Island
R42,2004,-0.7165970633791471,371.19178965555557,55.24604087668344,331.6026389999999,230.1232186990654,400.11058599999984,retrogradational,Tropical Island
R43,1992,-0.14016007091744798,374.8827552333333,44.45534446827717,368.651891,236.7166333233645,405.3449499999999,retrogradational,Tropical Island
R44,1989,0.8302529675895755,364.17260203333336,41.27907674472593,398.4446779999999,230.29425943551402,392.240614,retrogradational,Tropical Island
R45,1987,0.6841710208783321,577.6639838222221,102.91361959088165,648.0745,320.03061391588784,617.69637,retrogradational,Tropical Island
R46,1993,0.3214848497371663,329.7279359111111,63.377534292973735,350.10285299999987,159.6197930282243,374.2461599999999,retrogradational,South America
R48,2002,0.840270796778915,343.6909174666666,51.737791792818676,387.16467299999994,191.57640958785046,382.01641999999987,retrogradational,South America
R49,2000,-0.7460052907146255,517.4830480777777,85.10740656672532,453.9924724999999,276.9771005719626,561.1016279999997,retrogradational,South America
R5,1995,1.333945739499457,390.33711735555545,69.18399370507669,482.62481099999974,209.4702823046729,418.9688009999999,retrogradational,Tropical Island
R51,1993,2.0102190232233528,290.46524531111106,51.042755791038196,393.072364,166.35590009719627,319.728968,retrogradational,South America
R52.2,2012,0.5935664935970479,333.8203380222222,64.31253429829316,371.99410349999994,165.64559472728973,372.00727499999965,retrogradational,South America
R53,2001,-0.8004568651387352,409.0488264333332,73.9587815554216,349.8480119999999,262.33617006168225,433.7156499999998,retrogradational,South America
R6,2006,0.8530509192205868,379.6619831222222,69.28194501188396,438.76300999999995,201.71482258878504,415.14123099999966,retrogradational,Tropical Island
R7,2006,1.1022523485315865,378.67962846666666,68.92044878338154,454.6473549999999,200.26201228485982,409.10781899999995,retrogradational,Tropical Island
RUS.002.1988,1988,0.7353758031370505,55.99373472888888,18.865285901344233,69.86680949999997,25.58906770300187,63.16421589999992,delta,Asia
RUS.002.1996,1996,-0.3464981814199188,57.14959293999999,18.8480354016212,50.618782949999996,26.715341912779444,65.5801889999999,delta,Asia
SA0210.1996,1996,0.9641148978208351,98.61229731999998,43.86246470787185,140.90075299999984,36.542560504691586,117.79830879999994,delta,South America
SA0505.1999,1999,2.316204794292295,153.00067378999995,149.5355432574463,499.35561599999994,40.87298412983178,213.59420999999978,delta,South America
SAMBAO.2004,2004,0.6511212392762391,457.7464880888888,108.22574454711483,528.2145689999999,124.32451170034577,539.72345,delta,Tropical Island
SUMA2.2005,2005,0.5934764398576372,226.72127520777778,63.65568328421645,264.49942349999986,119.0136119115888,268.6593609999996,delta,Tropical Island
Sulengguole.1990,1990,1.8822521577969773,19.708340921222216,9.358831204314027,37.32402114999998,5.390618802366355,23.233660699999987,delta,Asia
Sulengguole.1997,1997,-0.05546574245114432,19.708340921222216,9.358831204314027,19.189246400000002,5.390618802366355,23.233660699999987,delta,Asia
Sulengguole.2003,2003,-0.5255017441660009,19.708340921222216,9.358831204314027,14.7902588,5.390618802366355,23.233660699999987,delta,Asia
Sulengguole.2008,2008,0.06359790456562586,19.708340921222216,9.358831204314027,20.30354297499998,5.390618802366355,23.233660699999987,delta,Asia
Sulongguole.2007,2007,1.6104551839582495,19.708340921222216,9.358831204314027,34.78031914999997,5.390618802366355,23.233660699999987,delta,Asia
TKMN.001.2008,2008,-0.003693172059984484,30.108295748888874,8.14270182933371,30.078223349999995,10.325990603609347,34.5011138,fan,Central Asia
TURK.001.1993,1993,0.745677008369873,89.15458827444444,17.409087419678627,102.13614449999999,41.67575263562617,97.62737499999997,delta,Central Asia
TURK.002.1991,1991,-1.032431669871001,141.76545482222215,41.601752905922346,98.81448759999998,61.84384528936449,160.64332999999996,delta,Central Asia
UZB.001.1994,1994,1.061754685630297,45.51467955666665,12.969219377787695,59.28480899999998,14.78645965419256,52.69740899999999,delta,Central Asia
V1,2012,-0.6321918043162303,645.2283767666667,80.7127661546573,594.2024274999999,441.1314962915888,686.9671789999999,fan,South America
V10,2017,0.21000719162764542,788.6144146888889,93.44126579200343,808.2377524999999,448.93307691775703,832.1887559999999,fan,South America
V11,2002,0.061093144840170234,344.1011717333333,43.42333781649293,346.7540399999999,173.8459443293458,369.0938259999999,intra-lobe,South America
V12.1,2016,-0.9873237980693953,462.95457073333336,72.71077621516785,391.165491,250.67757423925235,505.882219,fan,South America
V12.2,2017,-0.8535212174008845,462.95457073333336,72.71077621516785,400.8943805,250.67757423925235,505.882219,fan,South America
V12.3,2014,0.16836226215548017,462.95457073333336,72.71077621516785,475.1963214999999,250.67757423925235,505.882219,fan,South America
V13,2017,-0.8295293758873231,465.6402566444444,87.02978850775587,393.4464904999999,242.6317127906542,504.35320099999996,fan,South America
V14,2003,0.43877944706737093,263.52634073333337,38.12902787148502,280.25657449999994,126.70283072990655,291.494201,intra-lobe,South America
V4,2017,-0.2660512136516014,553.2302411555556,84.58712270723086,530.7257344999999,305.9381707766355,616.5844199999999,fan,South America
V5.1,2016,-0.8392414603035451,439.6085648999999,55.29070368284324,393.20631399999996,233.83933081457943,483.4540179999999,fan,South America
V5.2,2016,1.075589376954806,413.08959197777773,57.75074099196146,475.2056754999999,220.93631179383178,443.7942439999998,fan,South America
V6,2011,1.280343866626996,413.08959197777773,57.75074099196146,487.0303989999998,220.93631179383178,443.7942439999998,,South America
V7,2011,0.3614492643897276,355.72579336666666,53.592386378318345,375.0967219999999,176.6672223706542,381.73999999999995,intra-lobe,South America
V8,2014,-0.7336572936367739,646.0670576333332,76.79599947005721,589.7251124999999,372.63493964485986,686.56853,fan,South America
V9,2014,-0.6296980428311396,788.6144146888889,93.44126579200343,729.7746325,448.93307691775703,832.1887559999999,fan,South America
VENEZ2.1986,1986,-0.5775723590122711,277.2849755666666,49.244578835640596,248.84266799999992,142.79508845408597,310.9615429999998,delta,South America
VENEZ2.2009,2009,0.5928711672157319,277.2849755666666,49.244578835640596,306.4806665,142.79508845408597,310.9615429999998,delta,South America
