site_name,avulsion_year,p95_zscore,p95_mean,mean_zscore,med_zscore,av_type,site_area
A001,1987,1.458240396187594,60.647200509722225,1.5081521693702842,1.59266544370065,fan,South America
A002,1987,0.8755766216011347,92.32406675972223,0.6163203042001708,0.3956452997546466,fan,South America
A004,2002,-0.8851250930661592,99.87150606527777,-1.2514338508243212,-1.386150881453127,fan,South America
A005,1993,-0.34266875358419474,8.855620659722224,-0.4103302789522062,-0.5264721475244821,fan,South America
A006,1985,1.2949672506971144,17.047265616666664,0.7563847839268555,-0.17052685951074067,fan,South America
A009,1991,1.0134192679193286,106.73280165972224,1.6614077035286856,1.524868701401533,fan,South America
A012,2006,0.12449525525009797,1681.129568611111,0.04473628369555051,-0.1387579562825511,fan,South America
A014,2005,0.22789703515195256,1036.4607815833333,0.20995838395236743,0.36935117260873496,fan,South America
A015,1998,1.0382684265432938,1041.398813263889,0.4130615159706439,-0.04121061706157055,fan,South America
A016,1995,0.09775453906569037,1045.5642572916668,0.4377317699630334,1.1881268954486226,fan,South America
A017,1991,1.42939678685582,1089.8921450694445,2.0410484852943753,1.5925946964703743,fan,South America
A018,1997,-0.7182438703859395,58.661490902777786,-0.6082943708847185,-0.3317706671696608,fan,South America
A020,1989,0.7023058311160515,183.53745698611112,0.4882998671959452,0.1528347254844764,fan,South America
A022,1992,0.34704917859890627,85.97102867361112,1.4640780293647886,1.7362997029800629,fan,South America
A023,1999,-0.4003935312194046,74.05677083333333,-0.1933008999015205,0.3219685211533009,fan,South America
A024,1998,-0.5266885770755216,194.11540788888888,-0.32576838579618855,0.12776037545672017,fan,South America
A025,1991,0.5297154429272717,255.97684472222227,0.8469847577798993,0.8643307540929714,fan,South America
A026,2002,-0.8123760487803992,187.49618016666668,-1.0644542113406898,-0.5680210504413171,fan,South America
A027,1991,0.48422807744787033,91.56121947916667,0.5999540289995535,0.62995099215773,fan,South America
A028,1993,0.2024327290253272,17.110720486111113,0.7577782316155337,1.2569125016238791,fan,South America
A030,2002,-0.9126628799356216,91.56121947916667,-0.7651740390398097,-0.1485263908871983,fan,South America
A035,1994,-0.35419613201327743,1280.1079406944448,-0.36769832632900606,-0.2715857240026485,fan,South America
A037,1990,-0.3073966261125923,42.05798612222222,-0.36156116641211716,-0.3430476740531946,fan,South America
A042,1995,0.7722197480229548,756.0694009722222,0.27568556700425084,-0.1812955577762357,fan,South America
A044,1991,1.8740378454811624,1783.6981750000004,1.5972660876842755,1.2054715526810122,fan,South America
A045,1992,0.9086224115989673,1214.7841864583334,0.9921256879358621,0.7663398320828557,fan,South America
A047,2002,-0.5655688909038507,265.55936375,-1.3580287708883576,-1.671380259367735,fan,South America
A048,2000,-0.7381979933988824,154.2506292777778,-0.6999117170839487,-0.5986493130058951,fan,South America
A049,1992,0.9082120152320093,1216.2381701388886,0.9941136394990491,0.7656624351862532,fan,South America
A050,1987,-0.8099143476119437,133.44796004861112,-1.038454922849656,-0.7419420232515055,fan,South America
A051,1998,-0.19727412729862978,265.55936375,-0.3870615345031068,-0.2803781579154775,fan,South America
AFR0211.1998,1998,-0.481340128652128,179.2379233541667,-0.5479346011967242,-0.5686529423417316,delta,Africa
ANGO2.2003,2003,0.21926742551817244,122.38348533333334,0.4225566288834379,0.7071526517682873,delta,Africa
ARG.001.2001,2001,0.7896049901804997,922.5101794166668,1.001204849844596,0.7746518132328615,delta,South America
B1,1994,0.1354261224306126,1214.7841864583334,0.23747378419652207,0.06226957290705737,fan,South America
B1.a,1994,0.1354261224306126,1214.7841864583334,0.23747378419652207,0.06226957290705737,fan,South America
B1.b,1989,1.0874918985191804,1214.7841864583334,1.1568775648362266,1.3774297188490785,fan,South America
B1.c,1988,1.0874918985191804,1214.7841864583334,0.9028377068869997,0.8767457106235533,fan,South America
B1.d,1989,1.0874918985191804,1214.7841864583334,1.1568775648362275,1.3774297188490785,fan,South America
B10,1987,-0.43643336855572284,1280.1079406944448,-0.09775517213621741,0.08315871537410513,intra-lobe,South America
B10.av.b,2012,-0.28614099308601887,1280.1079406944448,-0.8658292712197245,-0.7051331627994676,intra-lobe,South America
B10.av.c,2012,-0.28614099308601887,1280.1079406944448,-0.8658292712197245,-0.7051331627994676,intra-lobe,South America
B10.p.a,2017,-0.12909759140777996,1280.1079406944448,-0.39693452281762526,0.21489268965696273,intra-lobe,South America
B10.p.b,2017,-0.12909759140777996,1280.1079406944448,-0.39693452281762526,0.21489268965696273,intra-lobe,South America
B11,2011,0.04192784823081003,194.11540788888888,-0.8619627566127855,-1.3518508863031962,intra-lobe,South America
B12,1987,-0.5322814486229119,255.97684472222227,-0.3760882260939555,0.4311047675161016,intra-lobe,South America
B12.av.a,2003,-1.1418595608092508,255.97684472222227,-1.3986989760024249,-1.17253013440957,intra-lobe,South America
B12.a ,1987,-0.5322814486229119,255.97684472222227,-0.3760882260939555,0.4311047675161016,intra-lobe,South America
B12.b,1990,0.23151336160744934,255.97684472222227,0.458027562686474,0.6367373786562749,intra-lobe,South America
B12.p.a,2016,-0.2233047968834568,255.97684472222227,-0.3047348850989683,-0.29285171199264504,intra-lobe,South America
B13,2000,-0.46905282084758204,85.97102867361112,-0.8363388279197908,-0.9833073312233874,intra-lobe,South America
B14,1990,0.2858656154272554,295.4944228333333,0.16830234690664148,0.43842659669225287,intra-lobe,South America
B15,1991,1.8740378454811624,1783.6981750000004,1.5972660876842741,1.2054715526810122,fan,South America
B2,2005,-0.7906278238335414,17.110720486111113,-1.0718292437791028,-0.8042847309560002,intra-lobe,South America
B3,2011,1.3711247311120427,91.56121947916667,-0.1731966447426897,-1.1159765235881005,fan,South America
B4,1994,-0.7976063704619868,187.49618016666668,-0.899928447247949,-0.6290128457453013,fan,South America
B6,2007,0.44622491255164526,756.0694009722222,0.06557209391206616,-0.35844062515270264,fan,South America
B7,1994,-0.1735591888961696,131.08786875694446,-0.2308361045513939,-0.18787036687551548,intra-lobe,South America
B8,1998,0.649465947499195,127.40078105555557,0.8518357974531946,0.29049772968437687,intra-lobe,South America
B9,2015,2.7659777733146598,154.2506292777778,1.3061982408750108,0.789441312504294,intra-lobe,South America
B9.a,2015,2.7659777733146598,154.2506292777778,1.3061982408750108,0.789441312504294,intra-lobe,South America
B9.b,2002,-1.1198811995063205,154.2506292777778,-1.118567372096599,-0.7471427287581478,intra-lobe,South America
B9.c,1994,0.0712146265290213,154.2506292777778,0.14506289095561684,0.016076535434331476,intra-lobe,South America
BETSIBOKA.2004,2004,1.1679930557839817,2317.673349166668,1.173132707038261,-0.23135815762549028,fan,Tropical Island
BS0115.1995,1995,0.30791010969784305,1101.2712465277777,0.3124336303688556,0.3237104617534278,delta,Central Asia
CA0067.1986,1986,-0.7243079189441676,1018.5385345416665,-0.5524762489958889,-0.10406664887165659,delta,Central America
CA0194.2007,2007,0.05245481883526631,172.42987175,0.3693782351184157,1.091374698709568,delta,Central America
CA0318.1.2002,2002,-0.2707757192360443,0.1284179687500001,0.8928419414919578,,delta,Central America
CASP1.1991,1991,-0.09852695369729138,352.0322483194444,-0.7547173547802977,-1.6586034593670607,delta,Central Asia
CON.001.2013,2013,-0.5525060089034678,0.15683593750000008,-0.5953416098917668,-0.16666666666666669,delta,Africa
ECN0095.1999,1999,0.7479432653920847,36.70225694166667,1.383980956527667,1.261198903711557,delta,North America
FIHERENANA.2001,2001,1.586630111656044,118.78051238888894,1.9440016307399186,1.2622048879921566,delta,Tropical Island
G1,2015,0.4527331173779253,544.3303183472223,-0.04110270331850839,0.1330503309592269,fan,Tropical Island
G10,2017,1.6049130341187545,41.17450085972223,2.021780793952666,1.9270633588444648,fan,Tropical Island
G11,2008,0.5240892636640211,2297.152448472222,0.37851899493268254,0.4904578035900473,fan,Tropical Island
G12,2010,0.19017526246318167,496.7737742361112,0.49852486423963854,0.4587049012214769,fan,Tropical Island
G13,2008,0.8602833080364269,131.97883054861114,0.7903500702108638,0.7099936035659687,fan,Tropical Island
G14,2004,-0.6180402384591748,66.41583122361111,-0.691391041660871,-0.6467964862049763,fan,Tropical Island
G15,2003,0.4734249023654443,132.7920576875,-0.22028053646977336,-0.4946180998156544,fan,Tropical Island
G16,1994,-0.2771273847714816,99.30421006944445,-0.13058813548478931,-0.06861529010629944,fan,Tropical Island
G17,2016,0.031215717236706998,133.5058164791667,-0.08720555455216919,0.1298522824562191,delta,Tropical Island
G18,1995,-0.3763412290656333,122.69487854861111,-0.16479864847932885,-0.009843022747687776,fan,Tropical Island
G19,2015,-0.8526965440979822,293.7618268472222,-0.8569415310764081,-0.7562339629574377,fan,Tropical Island
G2,2013,0.7165440140747601,1885.7026675,0.6713196237299802,0.5103825940970381,fan,Tropical Island
G20,2008,0.8589301750236438,358.9573685972222,0.6366530538942567,0.5134505468360094,intra-lobe,Tropical Island
G21,1995,-0.03202596364380901,1569.488368611111,0.08804943294866696,0.1970469237857192,fan,Tropical Island
G22,1998,0.3282562908290085,662.8200185833334,-0.3780627313524199,-0.9404376823068878,intra-lobe,Tropical Island
G23,2005,-0.8105451453357,196.61137163888887,-0.7988973057668122,-0.6161679697903888, fan,Tropical Island
G24,2013,0.631809928917321,202.6069223888889,0.6047032739704157,0.42264134984612295,fan,Tropical Island
G25.1,1999,0.6676200510780635,525.0700642916668,0.04429675647737786,-0.47372933322510014,fan,Tropical Island
G25.2,2007,0.5447896650231888,525.0700642916668,0.4819922237934415,0.3290903155837775,fan,Tropical Island
G26,1998,1.238076094009315,106.26039490972222,0.3795312497060164,0.5309025703028135,intra-lobe,Tropical Island
G3,1999,-0.5180651068019623,631.1895956944445,-0.45742022314630304,-0.4703005015882567,fan,Tropical Island
G4,1998,0.16430872411836683,631.1895956944445,-1.0082351909538243,-1.107602329862005,fan,Tropical Island
G5,1997,-0.5222875641980531,311.9698787916667,-0.5708240434276282,-0.33451492419308265,fan,Tropical Island
G6,2005,-0.14163326063730863,319.9699328055556,-0.40333845797556445,-0.4016377347997796,fan,Tropical Island
G7,2013,1.1602782936065232,291.9643659583333,0.925167347026063,0.9788525646466921,fan,Tropical Island
G8,2017,1.896990959834373,901.4980895000001,1.8457564039211583,1.640596551173155,intra-lobe,Tropical Island
G9,2013,1.07032787441377,242.4311523472222,1.3779414295967973,1.4804263771949648,fan,Tropical Island
H001,2008,0.8928667241743269,4983.618169722224,0.6894550961720021,0.0035536314716116094,fan,Asia
H002,2000,0.5388465374329473,11184.415301388888,0.3485627431860565,0.1767416674909661,fan,Asia
H005,1998,0.7282757579969069,3622.2359855555555,0.4170942904330143,-0.4559316332074049,fan,Asia
H006,1997,0.0888253452248889,426.7045578055556,0.10763849529778807,0.5510487332136431,fan,Asia
H007,2010,1.1922506404889264,366.5107207916667,1.1725266418759566,-0.10363795508235357,fan,Asia
H008,2006,-0.772091789054644,846.3456593888891,-0.8144823721366896,-0.5123793443909807,fan,Asia
H009,1994,-0.2789212031027921,4490.144664305555,-0.27946417346535757,0.038973804976200864,fan,Asia
H010,2006,-0.6100677068497433,721.1065012638888,-0.6955674731164497,-1.0133405483911808,fan,Asia
H011,2001,-0.6568305245347066,886.8923932222225,-0.5597080921886249,-0.47548503295284483,fan,Asia
H013,1990,0.4210900806904742,239.22971998611118,0.8834339892604581,1.3381035443703428,fan,Asia
H015,1992,-1.093518668070556,3.3009440104166665,-1.2728721690668594,-0.5457215735659484,fan,Asia
H016,2003,-0.3344319636186517,14.977300344444448,-0.12456373202051929,0.9484923555923508,fan,Asia
H017,2002,-0.4845499415556338,12.083441840277779,-0.29099911629479913,1.0033694509366744,fan,Asia
H020,2011,-0.05786003835317538,7.016764322916668,-0.1603675054593998,0.025816933059782346,fan,Asia
H021,2001,-0.041284745096876505,14.058973538194445,0.15958947510483557,1.6402134532529242,fan,Asia
H022,2010,2.3968663031149964,4.329806857638889,1.2547816867029906,-1.1701737884395675,fan,Asia
H023,2003,-0.2691123651586801,59.3409069888889,-0.07746772127128038,0.7716421704562729,fan,Asia
H024,1999,-0.19630649298858546,2.610134548611112,-0.16472831386996337,-0.10107839002283514,fan,Asia
H025,2006,-0.7798889405241004,7.987163625694445,-0.8285615335908517,-1.1884814128137906,fan,Asia
H026,2001,-0.5570069883572156,846.3456593888891,-0.4348882422491008,-0.035255670328149157,fan,Asia
H027,1992,-0.7147961618705684,366.5107207916667,-0.8831380174076139,-0.811820602764272,fan,Asia
H028,2002,-0.5980826437309811,167.88884556944447,-0.38612607883647326,0.7909516981109653,fan,Asia
H029,2001,0.23915378645761648,222.2379003527778,0.022949755139886483,0.7011903858172951,fan,Asia
H030,2001,0.3126226753977047,3.1744574652777784,0.5342456386053895,1.812992118813583,fan,Asia
H1,2011,0.3233472457026594,4490.144664305555,0.4440670347911602,0.5592585742605327,fan,Asia
H2,2013,0.09322003083359032,239.22971998611118,-0.03891087288230906,-0.43414427385028925,fan,Asia
H3,2013,0.07639214448913792,3.3009440104166665,0.0933346577096372,0.7553364826177701,fan,Asia
H4,2013,0.9354096551584807,2.610134548611112,0.4977727612236378,-0.41749769792040586,fan,Asia
H6,2015,0.11938074879565583,565.8367599861111,-0.35908912089867173,-1.0979145782258453,fan,Asia
Indus.2010,2010,0.9642669095009027,13096.159731666667,0.09176010904180056,-0.709863971060912,delta,Asia
JA.12.Eritrea,2006,0.8522203175606969,9.901736111111113,-0.051096502019711366,-0.36181714279460525,delta,Africa
JA.18.PNG.1994.1994,1994,-8.003667182743772e-05,66.41583122361111,-0.49866326665185295,-0.7329541608822252,fan,Tropical Island
JA.25.India.1990,1990,0.11379677642974148,45.922178833333334,0.49086136748912984,0.58032056856207,fan,Asia
JA.25.India.1996,1996,1.4887411939471973,45.922178833333334,1.5517708547872682,0.28676870672291305,fan,Asia
JA.26.Ethiopia.1988,1988,0.2967878871067597,15.108723969444448,0.3173537603026346,0.1841287297743557,fan,Africa
JA.26.Ethiopia.1992,1992,-0.5080506720859459,15.108723969444448,-0.5049232895363314,-0.28267650063950384,fan,Africa
JA.26.Ethiopia.1998,1998,3.4472598203031213,15.108723969444448,2.9704929954651433,1.2111002366848467,fan,Africa
JA.26.Ethiopia.2002,2002,-0.42369231982045374,15.108723969444448,-0.44618342584814685,-0.37603754672227574,fan,Africa
JA.26.Ethiopia.2009,2009,-0.7898322245385343,15.108723969444448,-0.7830542030660748,-0.46939859280504764,fan,Africa
JA.26.Ethiopia.2011,2011,0.09223209137320662,15.108723969444448,0.09231160342295379,-0.42271806976366166,fan,Africa
JA.28.Eritrea.1997.1997,1997,0.17246535135841262,13.044140627777779,0.5486612616860111,0.6772953839948159,delta,Africa
JA.30.Eritrea.2007.2007,2007,0.7562644099513683,1.1727539062500003,0.11407403400464337,-0.33045819335498483,delta,Africa
JA.34.Morocco.2001.2001,2001,-0.6766221695746178,33.44405384583335,-0.25592062026295387,-0.5911333534944017,delta,Africa
JA.35.Madagascar.2000.2000,2000,0.49898297244520545,26.41749131944446,0.5967630200897576,-0.12371532270322243,delta,Tropical Island
JA.36.Eritrea.2005.2005,2005,-0.7190845503916785,0.2699652777777778,-0.6283453602820731,-0.6921907140556761,delta,Africa
JA.37.Somalia.1989.1989,1989,-0.06504535034560165,1.6702799479166683,1.5717866307967125,-0.24526216327338327,delta,Africa
JA.38.Madagascar.1994.1994,1994,-0.25104227738554813,142.50084648611116,0.21761917426844782,-0.907661878917421,delta,Tropical Island
JA.4.Kosi.2008.2008,2008,0.8864757067177034,4977.392349305557,0.683876749550119,-0.05969116516152637,fan,Asia
JA.40.NewGuinea.Madang.1989.1989,1989,0.4615752962604168,72.20105255555556,-0.32909525879251955,-0.5825315510171264,delta,Tropical Island
JA.69.PNG.2004,2004,-0.21604884660650175,78.01226140972221,-0.27201237383735033,-0.12299475104480756,delta,Tropical Island
JA.69.PNG.2009,2009,-0.11279026015042388,78.01226140972221,-0.2360258201765868,-0.40755995625220337,delta,Tropical Island
JA.8.India.2004.2004,2004,0.7405519404024848,4237.745953055556,0.6135439461229224,0.8400573298641577,fan,Asia
JA.82.DeinNewGuinea.2012,2012,0.6188961830314434,85.18411458333334,1.0032923515488599,0.8553477792218138,delta,Tropical Island
JA.91.Peru.1998,1998,3.7822816192278195,38.36566839166667,1.8346555756119423,0.9081517613975093,delta,South America
JA.95.PNG.1989.1989,1989,0.42785611233187065,78.01226140972221,-0.4534973232383082,-0.6968287185704652,fan,Tropical Island
JAVA12.1985,1985,0.9712541964672515,1498.108343194445,0.3983607473571495,0.24399475130280698,delta,Tropical Island
JAVA3.1992,1992,0.2583942262989176,131.45566425694446,0.19857707126781549,0.2153524588456748,delta,Tropical Island
JAVA5.1995,1995,0.9759123938573384,137.17406644444446,1.1316817532893453,0.3089668174157007,delta,Tropical Island
JAVA5.1998,1998,0.2240745060016854,137.17406644444446,-0.18534405446071048,0.11746357286811207,delta,Tropical Island
JAVA5.2018,2018,0.10783809645756298,137.17406644444446,-0.11693667359504557,-0.5343643156588406,delta,Tropical Island
JAVA6.2010,2010,0.5971374118532381,565.7220599861112,1.0503439361030824,1.2554643826403453,delta,Tropical Island
JAVA7.1990,1990,-0.1247794049897317,162.23046870833332,0.10062831420260096,0.20061031990842107,delta,Tropical Island
JAVA7.2010,2010,0.9396260568113288,162.23046870833332,1.2090887488542008,1.2192495469530313,delta,Tropical Island
JAVA8.2018,2018,-0.11053946160233397,783.886033263889,-0.42789623489136475,-0.4838734087436065,delta,Tropical Island
JAVA9.2014,2014,0.7190983020876841,175.90729143055557,0.595933211701282,0.4501606196052363,delta,Tropical Island
KAZ.001.1993,1993,0.25755872287520964,120.72083334027782,0.03671939844860856,0.067284498108142,delta,Central Asia
KAZ.014.2011,2011,1.085737133745459,1732.7679510416667,0.4428187388009647,0.27813558827806,fan,Central Asia
KEN.001.1989,1989,0.21154235369811406,3054.2563508333337,-0.07253931409734544,-0.1333909783524904,delta,Africa
MAHAJAMBA.2004,2004,1.354106307152962,837.7787300972226,1.1271466108761978,-0.17785000905319973,fan,Tropical Island
MALAWI1.2014,2014,0.8333097589673708,130.88292106250003,0.44305551662312065,-0.1738910985115981,fan,Africa
MANAMBOLO.2004,2004,0.8555732535295127,662.8633911250001,1.0057364279343655,-0.2868193267717936,delta,Tropical Island
PI0019.1989,1989,-0.5292866412462981,216.82345005555555,-0.2504987900769121,0.04290165396529151,delta,Tropical Island
PI0209.2006,2006,-0.1875089716616666,189.21871686111112,-0.785088536291802,-0.873024785084368,delta,Tropical Island
PI0269.1.1996,1996,0.44415863342002876,29.280381944444443,0.13766984980530958,0.3178551099192011,fan,Tropical Island
PI0354.2002,2002,0.19793309673897527,14.239702704861113,-0.13850099026410556,-0.21052984807145264,fan,Tropical Island
PI0801.1.2007,2007,0.07578416535096946,90.67748484027778,0.004907310291944249,0.8146687021807776,delta,Tropical Island
PNG.010.2011,2011,0.6835240054887691,74.0872070513889,0.67501644112397,0.6348162343411775,fan,Tropical Island
PNG0066.1.2003,2003,-0.8167373396577428,131.97883054861114,-0.9065678410690942,-0.795249044420287,fan,Tropical Island
PNG0069.1991,1991,-0.6693365915938113,66.41583122361111,-0.8008623796811838,-0.7059830627223908,fan,Tropical Island
R1,2000,1.5037777005249966,169.65262579166668,1.0809598171054444,0.7316211635300647,retrogradational,Tropical Island
R10.1,1986,-0.2811159368926231,28.68895399305556,-0.29400491738602014,-0.07449836617341195,retrogradational,South America
R10.2,1995,-0.009172308571358371,28.68895399305556,-0.3181655116361378,0.02516836695047693,retrogradational,South America
R10.3,2008,0.6518283930586887,28.68895399305556,0.33136923920345196,-0.15151356904187152,retrogradational,South America
R11.2,1990,-0.15513589061484817,44.58023003472223,-0.25643558212827483,0.006507753217344709,retrogradational,South America
R11.3,2000,-0.7916376935498577,44.58023003472223,-0.6745050029635314,-0.3970945865050821,retrogradational,South America
R12,1985,-0.1563732971537997,64.45970052083334,-0.3107210290831802,-0.07575285012150075,retrogradational,South America
R14,1989,0.5310813082147131,56.89437934027779,-0.041304788646665785,-0.36679584530161674,retrogradational,South America
R15,2005,-0.00604071898202044,1103.7248443055555,-0.39912326263202025,-0.5527170521507409,retrogradational,South America
R16.2,1992,-0.22531912506837715,33.01095920138889,0.17604150794298926,0.30879822077056995,retrogradational,South America
R16.3,2011,3.071827808154703,33.01095920138889,0.5285802357095206,-1.0316207925873955,retrogradational,South America
R17.2,2006,-0.21272539651022265,14.479947916666667,-0.11296168594472585,-0.03491056604836145,retrogradational,South America
R19.2,1986,-0.40871414376453247,14.693359375,-0.1402841085868251,0.09275955564385359,retrogradational,South America
R19.3,2012,0.9681113281858985,14.693359375,0.48595020565510133,0.08883553213835568,retrogradational,South America
R2.1,1988,-0.5290082235052315,118.16397565277778,-0.7667281895316458,-0.47161911114847127,retrogradational,Tropical Island
R2.2,2002,-0.8693919338715443,118.16397565277778,-0.9100423387192407,-0.7701658006463402,retrogradational,Tropical Island
R2.3,2014,0.9357825338404233,118.16397565277778,0.8434363051161315,0.8018691112408758,retrogradational,Tropical Island
R20.2,1990,-0.4029757219929654,14.693359375,0.018465924453208146,0.36744120102870764,retrogradational,South America
R20.3,1996,-0.31857463494806143,15.7666015625,-0.5792077066659409,-0.5769390215937846,retrogradational,South America
R20.4,2015,1.7794054407177706,14.693359375,1.190529576435863,0.6146546818750763,retrogradational,South America
R21.2,2012,0.9029890838803089,19.024717881944447,0.22033522413806736,0.15872188064252848,retrogradational,South America
R22.2,2004,0.7794805536531926,22.925282118055552,-0.9715667896439724,-1.3077588877567734,retrogradational,South America
R23.3,2014,1.2309645592443585,23.103776041666666,0.7966750137883779,0.9908264697106384,retrogradational,South America
R23.4,2016,0.4369993851895569,28.529296875,0.13899250287019982,-0.13625343088643513,retrogradational,South America
R24.2,2003,-1.2242688658226104,28.529296875,-1.1502920913550658,-1.2238046684206882,retrogradational,South America
R24.3,2012,0.8845235449308488,84.03020833333335,-0.09261931386683757,-0.35612765753205317,retrogradational,South America
R24.4,2014,1.2065355574381018,28.529296875,0.7972894679991173,0.8666114397906426,retrogradational,South America
R26,2009,0.5619284517964562,265.49568108333335,-0.41205031081122856,-0.770572252353759,retrogradational,South America
R27,2006,0.14796084388361969,5.2474609375000005,-0.39323233771280874,-0.22250655677487466,retrogradational,South America
R28.1,1993,0.43018050354633663,52.18135850694445,0.9974617065018194,1.1554853858458056,retrogradational,South America
R28.2,1993,0.43018050354633663,52.18135850694445,0.9974617065018194,1.1554853858458056,retrogradational,South America
R3.1,1988,-0.020805256453646257,38.0455078263889,-0.7203342957975065,-0.502608643423421,retrogradational,Tropical Island
R3.2,2002,-0.6888239144732364,61.96634114583334,-1.0086985768743708,-0.7742045813968293,retrogradational,Tropical Island
R30.2,2011,0.08439291050873539,27.455750868055556,-0.6385500781780684,-1.2016674909962937,retrogradational,South America
R32.2,2012,0.15378110371295356,14.383138020833334,-0.44406894817980247,-0.5323196029314357,retrogradational,South America
R33,1986,0.02374292403002886,25.93441840277778,0.06332344523188939,0.2157881937703437,retrogradational,South America
R34.1,2002,-1.1282561445892272,157.71445344444442,-1.1299302520345105,-0.7547869462054896,retrogradational,South America
R34.2,2012,-0.23410976853501,157.71445344444442,-0.6725148585140985,-0.4522088175658377,retrogradational,South America
R35.2,1990,0.48324591332550354,14.37523871527778,1.1516923416748308,1.1606888313786903,retrogradational,South America
R41,1989,0.8892053130276469,668.6265222500001,0.16261018171174704,0.03784929632542813,retrogradational,Tropical Island
R42,2004,-0.4018797398143011,105.62159272916668,-0.5032820856658355,-0.3934392997461623,retrogradational,Tropical Island
R43,1992,-0.19573999402653505,221.35542533333336,-0.5096887854944069,-0.6807303413061283,retrogradational,Tropical Island
R44,1989,-0.2156298842757204,137.5006297152778,-0.3864385433647942,-0.1693257979690666,retrogradational,Tropical Island
R45,1987,-0.6248874116471906,966.3814881250003,-0.8700465855866453,-0.6272795869312756,retrogradational,Tropical Island
R46,1993,0.6067813932264724,307.83352863888894,1.1363317352461209,1.1233862508659689,retrogradational,South America
R48,2002,-0.8482757411689693,551.7538191388888,-0.9416313695443764,-0.40340800850493813,retrogradational,South America
R49,2000,-1.6028269169810827,2398.2617145833337,-1.2460953740256153,-1.3988821720767415,retrogradational,South America
R5,1995,-0.0003386053589356524,38.0455078263889,-0.1919990767166027,0.05243500177104083,retrogradational,Tropical Island
R51,1993,0.1584090102686791,75.82658420138891,0.6495134237055958,0.2543720878096555,retrogradational,South America
R52.2,2012,0.7641959490181728,38.274869791666674,-0.1876587244851471,-0.42378580463801097,retrogradational,South America
R53,2001,-0.1460923563754476,216.18172731944446,-0.3264520991830136,-0.18074380274315524,retrogradational,South America
R6,2006,1.1240316926045935,76.75677083333335,0.6117773566290932,0.4701529258894174,retrogradational,Tropical Island
R7,2006,1.1320190090566742,61.96634114583334,0.6070172526576013,0.5000973068680351,retrogradational,Tropical Island
RUS.002.1988,1988,0.596963016673484,286.9864790138889,0.713262565143861,0.18090956160994817,delta,Asia
RUS.002.1996,1996,0.37043960047668384,286.1169261250001,0.3912655706121411,0.78898165986475,delta,Asia
SA0210.1996,1996,-0.6258137410802471,0.3237738715277778,-0.685719454044906,-0.4326944035590641,delta,South America
SA0505.1999,1999,1.7757139303131677,792.350893138889,1.5426590785286316,0.8441707757448776,delta,South America
SAMBAO.2004,2004,0.8520450279559764,272.15494829166676,1.1221137638508996,0.45589741481853324,delta,Tropical Island
SUMA2.2005,2005,-0.5035206919184174,85.49093974027781,-0.7400521417737936,-1.0934666925631735,delta,Tropical Island
Sulengguole.1990,1990,1.6673994841649673,73.20218108472224,1.6769298857237072,0.8177848252178681,delta,Asia
Sulengguole.1997,1997,-0.14250389581426515,73.20218108472224,-0.09707428065087945,-0.32855721302825436,delta,Asia
Sulengguole.2003,2003,-0.13930531140307995,73.20218108472224,-0.14927677659887462,-0.3961261543069892,delta,Asia
Sulengguole.2007,2007,-0.14179624439586108,73.20218108472224,-0.1234689664912009,-0.2283687828563372,delta,Asia
Sulengguole.2008,2008,-0.393083267600301,73.20218108472224,-0.1225240886078821,0.03025716479675142,delta,Asia
Sulongguole.2007,2007,-0.14179624439586108,73.20218108472224,-0.1234689664912009,-0.2283687828563372,delta,Asia
TKMN.001.2008,2008,-0.7809742882540309,0.07075737847222224,-1.0393676488372463,,fan,Central Asia
TURK.001.1993,1993,0.944093428058092,0.753559027777778,1.072315237974809,-0.5270462766947299,delta,Central Asia
TURK.002.1991,1991,-0.6202032142435059,189.88997394444448,-0.6681643822917347,-0.6498347081128862,delta,Central Asia
UZB.001.1994,1994,0.3675027522383957,9.443381076388896,0.9364967039468594,1.6486553593176037,delta,Central Asia
V1,1998,0.47269359046942394,171.65644558333335,0.24113695274907812,-0.26910992080209983,fan,South America
V10,1997,0.48760383053251133,1036.4607815833333,-0.012191161918882323,-0.16799458333909373,fan,South America
V11,2017,-0.18967683872922417,372.8182286111112,-0.25740969175564077,-0.10975488518177495,intra-lobe,South America
V12.1,1997,-0.6891054660648198,270.1317705138889,-0.3906165996542591,-0.21587558928788902,fan,South America
V12.2,2011,2.755349552415071,270.1317705138889,1.7079536185082302,1.408354391252124,fan,South America
V12.3,2016,-0.06646848824948172,270.1317705138889,-0.5422552944954242,-0.7607948516209917,fan,South America
V13,2000,-0.3588723449600808,265.55936375,-0.31029142865665976,-0.5410146180736013,fan,South America
V14,2016,-0.7651753218471242,141.45106348611114,-0.6928541602768595,-0.6693895365648188,intra-lobe,South America
V4,2009,-0.5169890643185935,68.36382382083335,-0.6466290121408766,-0.6407226023999919,fan,South America
V5.1,1991,0.45601632903706524,60.647200509722225,1.071019004779209,1.3115792700943087,fan,South America
V5.2,1998,0.6122219978793187,130.25325511805556,-0.20755577291265973,-0.7572377803398788,fan,South America
V6,2012,1.5245475609681642,130.25325511805556,1.4859848269039238,0.9949903702256869,fan,South America
V7,2010,-0.12479022959465931,98.83088088194444,-0.3106382445897468,-0.5043369215573454,intra-lobe,South America
V8,2011,0.9886705304816031,171.97812488888889,0.8837479298777895,0.7277912150902444,fan,South America
V9,2011,1.1548600563708793,1036.4607815833333,0.5463478769533501,0.29718640250817,fan,South America
VENEZ2.1986,1986,0.7343695641564196,98.98518898611113,0.48001362546609083,0.17419071219746105,delta,South America
VENEZ2.2009,2009,0.19251135143281362,98.98518898611113,0.2955735349707382,0.06125727252688055,delta,South America
