Avulsion Name,source,geometry,num_icesat_measurements,num_fabdem_measurements,method_used,dist_mtn_front_to_avulsion_m,total_transport_distance_m,normalized_distance,geomorphology,sar1,sar2,sar3,sar_mean,sar1_distance_m,sar2_distance_m,sar3_distance_m,sm1,sm2,sm3,are1_m,fpe1_m,wse1_m,are2_m,fpe2_m,wse2_m,are3_m,fpe3_m,wse3_m,width_m,discharge_min_cms,discharge_mean_cms,discharge_max_cms,se_1,se_2,se_3,se_std,sm_mean,gamma,spr,gamma_error_upper,gamma_error_lower,corrected_discharge,xgb_depth,har1_m,har2_m,har3_m,a,b,a1,b1,a2,b2,a3,b3,a_over_b,beta,beta_sem,lambda,ab_flag,beta_uncertainty,sar_mean_error,sm_mean_error,log_gamma,log_sar_mean_SE,log_sm_mean_SE,log_gamma_error,yerr_upper_relative,yerr_lower_relative,se_max1,se_max2,se_max3
A002,edmonds et. al. 2016,POINT (-73.76116 4.04425),0,3,3,1200,1787150,0.00067146,Fan,0.018,0.0018,0.001,0.012333333,500,6666.666667,12000,0.00813,0.00791,0.00821,519,510,511,515,503,507,512,500,504,700,47.718,146.909,240.381,1.102763034,1.470350712,1.470350712,0.212226845,0.008083333,1.525773196,0.083067216,0.865145285,0.552095564,1199.02663,0.16131818,9,12,12,8,0.16131818,8,0.16131818,8,0.16131818,8,0.16131818,49.59143386,1.347821486,0.040843075,2.056469896,TRUE,0.189041345,0.005538151,8.97E-05,0.422501295,0.449039231,0.011095772,0.449176298,0.567020896,0.552095564,1.102763034,1.470350712,1.470350712
A004,edmonds et. al. 2016,POINT (-73.394282 3.976931),1,2,3,42892,1792545,0.023927991,Fan,0.002,0.00055,0.00102,0.001673333,1900,15454.54545,6078.431373,0.005,0.00315,0.00392,306.6,302.8,304.4,275.5,267,273.5,266.2,260,264.2,850,56,188.5,318,0.387096774,0.516129032,0.838709677,1.199183209,0.004023333,0.415907208,5.947305137,0.138806291,0.104072709,1624.992022,0.1,3.8,8.5,6.2,2.066666667,0.1,2.2,0.1,2,0.1,2,0.1,20.66666636,2.884057969,0.230782916,1.199500497,TRUE,0.229472558,0.000427122,0.000536542,-0.877293101,0.255252282,0.133357687,0.287989584,0.333743412,0.104072709,1.652173912,4.047619045,2.95238095
A012,edmonds et. al. 2016,POINT (-72.03524 7.49524),2,1,1,458588,1448956,0.316495463,Alluvial Plain,0.005,0.006,0.00885,0.006283333,460,598.3333333,225.9887006,0.00026,0.00047,0.00018,56.8,54.5,54.2,67.29,63.7,65.69,65.6,63.6,63,130,297.4,631.1,915.058,0.210492521,0.155581429,0.183036975,0.07731552,0.000303333,20.71428571,1043.391636,8.361003949,5.956680971,5122.891523,10.926754,2.3,3.59,2,2.266666667,10.926754,2.6,10.926754,1.6,10.926754,2.6,10.926754,0.207441905,0.240693622,0.014879379,4.985796462,FALSE,0.032286384,0.001153377,8.65E-05,3.030823593,0.183561276,0.285079599,0.339065068,0.403634673,5.956680971,0.210492521,0.32855137,0.183036975
A018,edmonds et. al. 2016,POINT (-73.834088 3.761262),0,3,2,9827,2261252.155,0.004345822,Fan,0.007,0.006,0.00215,0.005383333,285.7142857,333.3333333,1395.348837,0.01,0.01034,0.01121,528,526,526,534,532,532,524,521,522,300,17,56,97,1,1,1.5,0.288675135,0.010516667,0.511885895,0.413231886,0.163217716,0.123757073,447.3653637,1.4197252,2,2,3,2,1.4197251,2,1.4197252,2,1.4197252,2,1.4197252,1.40872346,1.166666667,0.055555556,0.597200211,TRUE,0.274580135,0.001478456,0.000360293,-0.669653539,0.274635864,0.034259248,0.276764438,0.318855662,0.123757073,1,1,1.5
AFR0211_1998,brooke et. al. 2022,POINT (13.4899897969271 -12.4504207595308),2,1,1,7304,9426,0.774877997,Delta,0.0033,0.00452,0.00119,0.002596667,727.2727273,530.9734513,1100.840336,0.00118,0.00131,0.0011,28.5,26.1,25.75,28.4,26,25.75,7.04,5.73,4.39,72,25.24,215.65,611,0.255141726,0.218692908,0.063785432,0.057344178,0.001196667,2.169916435,647.5303596,0.99695802,0.683107468,3303.383965,10.974293,2.4,2.4,1.31,2.683333333,10.974293,2.75,10.974293,2.65,10.974293,2.65,10.974293,0.244510821,0.185585232,0.011035892,0.402704445,FALSE,0.086231543,0.000972665,6.12E-05,0.774688657,0.374582271,0.051135264,0.378056468,0.459445352,0.683107468,0.218692908,0.218692908,0.119369879
ANGO2_2003,brooke et. al. 2022,POINT (13.078039097642 -12.8841118948639),0,3,3,12690,30020,0.422718188,Delta,0.0033,0.0024,0.0017,0.002766667,896.969697,1266.666667,1870.588235,0.0042,0.00163,0.00212,30.45,27.49,28.3,34.74,31.7,32.5,31.98,28.8,30,395,14,106,415,1.006359372,0.902474892,1.021158775,0.069475821,0.00265,1.044025157,159.5162974,0.424485189,0.301784198,2169.989196,1.1285148,2.96,3.04,3.18,2.123333333,1.1285148,2.15,1.1285148,2.24,1.1285148,1.98,1.1285148,1.881529065,0.942773109,0.013370628,0.984278843,TRUE,0.15875377,0.000463081,0.000787803,0.043083586,0.167378843,0.297284095,0.341164931,0.406585212,0.301784198,0.902847847,0.902474892,1.022996588
ARG_001_2001,brooke et. al. 2022,POINT (-65.1122559275333 -27.4264093313781),2,1,1,85812,104580,0.8205393,Delta,0.00402,0.0026,0.00442,0.004153333,895.5223881,861.5384615,791.8552036,0.00056,0.00052,0.00058,306.6,303,304.2,306.9,304.66,304.9,282,278.5,280.25,250,17.2,89.3,248.6,0.735319053,0.674042466,0.857872229,0.185785656,0.000553333,7.506024096,1482.902349,1.099712963,0.959182455,1243.628881,4.0798616,3.6,2.24,3.5,2.05,4.0798616,2.4,4.0798616,2,4.0798616,1.75,4.0798616,0.50246802,0.763097773,0.035754466,5.727830274,FALSE,0.128080156,0.000552208,1.76E-05,2.015705911,0.132955303,0.031876522,0.13672317,0.146510716,0.959182455,0.882382864,0.549038227,0.857872229
B1,valenza et. al. 2020,POINT (-62.9795 -17.0815),1,2,2,272652,3803124.369,0.071691581,Fan,0.0016,0.00119,0.0014,0.001533333,1926.224313,4621.848739,5535.714286,0.00048,0.00037,0.00041,272.1743051,269.0923462,267.3,251.5,246,246.8,255.75,248,251.04,400,40.911,155.44,399.59,0.632286826,1.170212766,1.645435244,0.506897498,0.00042,3.650793651,170.6942405,0.419242109,0.376057244,2082.595103,3.4464846,3.0819589,5.5,7.75,4.761435033,3.4464846,4.8743051,3.4464846,4.7,3.4464846,4.71,3.4464846,1.381533833,1.149311612,0.097552469,4.195899536,TRUE,0.41883296,0.000118369,3.21E-05,1.294944583,0.077196873,0.076536911,0.108707203,0.114835882,0.376057244,0.632286826,1.170212766,1.645435244
B10,valenza et. al. 2020,POINT (-65.2038 -16.2728),0,3,1,99648,3322367.305,0.029993071,Alluvial Plain,0.0029,0.00812,0.0018,0.002533333,1379.310345,849.7536946,3594.444444,0.00019,0.00023,0.0005,184,180,179,188.4,181.5,183.4,186.47,180,181.47,164,68.798,432.547,1002.5,0.354534792,0.611572516,0.573460026,0.138713861,0.000306667,8.260869565,97.80349239,10.72948467,4.667362824,5656.841074,11.282391,4,6.9,6.47,5,11.282391,5,11.282391,5,11.282391,5,11.282391,0.44316849,0.513189111,0.026695495,4.239388309,FALSE,0.117547126,0.00194937,9.74E-05,2.111529856,0.769488264,0.317458301,0.832401322,1.298832355,4.667362824,0.354534792,0.611572516,0.573460026
B12,valenza et. al. 2020,POINT (-65.859 -15.879),2,1,3,54520,3327891,0.016382748,Alluvial Plain,0.0044,0.0025,0.00736,0.005386667,1000,2120,1603.26087,0.00031,0.00027,0.00053,219,214.6,211.3,217,211.7,209.2,203.8,192,195.8,173,16,104,250,0.725251697,0.850026182,0.920211831,0.310549571,0.00037,14.55855856,44.2776973,5.926498143,4.211912689,1251.239115,4.8231344,4.4,5.3,11.8,7.833333333,4.8231344,7.7,4.8231344,7.8,4.8231344,8,4.8231344,1.624116736,0.563808531,0.059765293,8.208239507,TRUE,0.087157795,0.001414041,8.08E-05,2.678179038,0.262507556,0.218456859,0.341516641,0.407080009,4.211912689,0.351349738,0.419864023,0.920211831
B14,valenza et. al. 2020,POINT (-66.5308 -14.677),2,1,1,168842,3422722,0.049329744,Alluvial Plain,0.002,0.00209,0.0034,0.002466667,1435.4857,2057.416268,2058.823529,0.00108,0.00043,0.00022,206.2709714,203.4,204.15,206.1,201.8,203.5,186.6,179.6,184.3,110,13.4,66,162,1.193285977,1.868274496,1.147654333,0.559645023,0.000576667,4.277456647,85.54290867,2.669342626,1.643634271,780.9844575,3.7467728,2.8709714,4.3,7,2.3403238,3.7467728,2.1209714,3.7467728,2.6,3.7467728,2.3,3.7467728,0.624623895,1.260726878,0.107703735,5.392704566,FALSE,0.376232659,0.000452413,0.000258865,1.453358592,0.18341079,0.448898921,0.484922426,0.624049019,1.643634271,0.766251806,1.147654333,1.868274496
B2,valenza et. al. 2020,POINT (-64.1351 -17.4241),0,3,3,13062,3639791,0.003588668,Alluvial Plain,0.005,0.00126,0.00798,0.005993333,740,2976.190476,641.60401,0.00459,0.00324,0.0056,289.7,286,284.7,288,284.25,283,290.9,285.78,285.9,60,2.826,11.906,28.769,0.603866226,0.61202658,0.835620291,0.13151089,0.004476667,1.338793745,0.801638421,0.577290223,0.403360475,119.4617845,1.1271849,3.7,3.75,5.12,5,1.1271849,5,1.1271849,5,1.1271849,5,1.1271849,4.435829599,0.683837699,0.025309283,0.915517634,TRUE,0.124417608,0.001944028,0.000683626,0.291769019,0.324365054,0.152708701,0.358514485,0.431201763,0.403360475,0.603866226,0.61202658,0.835620291
B4,valenza et. al. 2020,POINT (-64.855 -17.216),0,3,2,7101,3255674,0.002181115,Fan,0.0029,0.00228,0.00127,0.002356667,1206.896552,846.4912281,2755.905512,0.00444,0.00343,0.00423,251.9,248.4,249.4,254.2,252.27,251.7,257,253.5,254.5,200,4.6,30.6,75,0.577689243,0.772,1.4,0.362575969,0.004033333,0.584297521,0.540772314,0.140523077,0.11327946,338.3017517,1.7716706,3.5,1.93,3.5,2.5,1.7716707,2.5,1.7716706,2.5,1.7716706,2.5,1.7716706,1.411097447,1.190666667,0.069777778,0.695703581,TRUE,0.367547237,0.000475009,0.000307698,-0.537344973,0.201559592,0.076288647,0.215513867,0.240499185,0.11327946,1.4,0.772,1.4
B6,valenza et. al. 2020,POINT (-65.3985 -16.9729),0,3,3,3395,3549053,0.000956593,Fan,0.0052,0.0046,0.004,0.0048,1923.076923,1652.173913,3110,0.00352,0.0033,0.00332,258,248,255.7,262.3,254.7,261,253.44,241,250.8,1400,22.937,150.4,372.27,4.166666664,5.428571423,4.540145983,0.648227093,0.00338,1.420118343,0.28301568,0.110759296,0.102745839,1928.37745,0.1,10,7.6,12.44,2.08,0.1,2.3,0.1,1.3,0.1,2.64,0.1,20.79999969,4.71179469,0.124751362,6.691306069,TRUE,1.703439058,0.00034641,7.02E-05,0.350740208,0.072168784,0.020780382,0.075100983,0.077993004,0.102745839,4.166666664,5.428571423,4.540145983
B9,valenza et. al. 2020,POINT (-65.8384 -16.3225),0,3,3,57327,3491013,0.016421308,Alluvial Plain,0.0015,0.00289,0.00335,0.002116667,4920,3439.446367,2298.507463,0.00046,0.00084,0.00092,231.6,224.22,224,228.09,218.15,220.49,229,221.3,221.4,159,10,64,152,0.699332194,0.941918971,0.729655541,0.132176406,0.00074,2.86036036,22.19095676,1.099455574,0.794188213,728.7543833,2.9529247,7.38,9.94,7.7,7.6,2.9529247,7.6,2.9529247,7.6,2.9529247,7.6,2.9529247,2.573719515,0.790302235,0.025437361,2.260549186,TRUE,0.114755031,0.000556088,0.000141892,1.050947617,0.262718515,0.191745916,0.325249926,0.384376594,0.794188213,0.699332194,0.941918971,0.729655541
BETSIBOKA_2004,brooke et. al. 2022,"POINT (46.93067, -16.79922)",0,3,2,3739,1773360,0.002108427,Fan,0.00268,0.00162,0.00283,0.00273,1305.970149,1987.654321,1060.070671,0.00123,0.0015,0.0015,44,40.5,41,43.72,40.5,40.72,43.5,40.5,40.5,1000,49.144,331.6,1027.6,1.166666667,1.073333333,1,0.083533094,0.00141,1.936170213,1.495338298,0.320997681,0.275347771,5810.870604,2.4348886,3.5,3.22,3,3,2.4348886,3,2.4348886,3,2.4348886,3,2.4348886,1.232089221,1.08,0.016075951,2.09106383,TRUE,0.114828255,0.000380803,9.00E-05,0.660711905,0.139488368,0.063829787,0.153398978,0.165790011,0.275347771,1.166666667,1.073333333,1
BS0115_1995,brooke et. al. 2022,POINT (49.3618479181036 39.3320648834311),3,0,1,394459,398745,0.989251276,Delta,0.0015,0.00083,0.0047,0.002566667,866.6666667,1879.518072,312.7659574,0.00044,0.00014,2.00E-05,-35.3,-36.6,-37.37,-35.6,-37.16,-37.7,-35.4,-36.87,-37.45,130,203,703,1890,0.115764376,0.138917252,0.130902795,0.011757684,0.0002,12.83333333,4946.25638,15.12709945,6.943065263,11265.06731,11.229707,1.3,1.56,1.47,2.073333333,11.229707,2.07,11.229707,2.1,11.229707,2.05,11.229707,0.184629339,0.128528141,0.002262767,1.649444475,FALSE,0.024123139,0.001194101,0.0001249,2.552045953,0.46523425,0.6244998,0.778744443,1.178735022,6.943065263,0.115764376,0.138917252,0.130902795
CA0067_1986,brooke et. al. 2022,POINT (-88.3129189699068 15.6817041034841),1,2,1,144786,156089,0.927586185,Delta,0.003,0.005,0.002,0.002666667,963.6666667,400,1360,0.00017,0.00048,0.00048,6.091,3.2,2.091,3.5,1.5,0.1,6.2,3.48,2.2,97,129.62,309.492,622.725,0.254480685,0.176050284,0.239428386,0.041622677,0.000376667,7.079646018,2462.61819,3.800243862,2.472854195,3372.306821,11.360391,2.891,2,2.72,3.8,11.360391,4,11.360391,3.4,11.360391,4,11.360391,0.334495539,0.223319785,0.008010288,1.581025026,FALSE,0.040994339,0.000881917,0.000103333,1.957223909,0.330718914,0.274336283,0.429692211,0.536784446,2.472854195,0.254480685,0.176050284,0.239428386
CA0194_2007,brooke et. al. 2022,POINT (-91.7773631931101 14.2030613238809),0,3,1,67618,69590,0.971662595,Delta,0.00175,0.00244,0.0044,0.002633333,857.1428571,1434.42623,886.3636364,0.00183,0.0024,0.00178,6,4.5,5,7,3.5,6,8.3,4.4,7.3,75,13.93,72.2,154,0.297698448,0.694629712,0.297698448,0.255191099,0.002003333,1.314475874,485.022926,0.490919431,0.357429615,739.1772747,5.0386558,1.5,3.5,3.9,1,5.0386558,1,5.0386558,1,5.0386558,1,5.0386558,0.198465632,0.588781375,0.04911155,0.773938913,FALSE,0.197925417,0.000793732,0.000198858,0.273438011,0.301417364,0.099263486,0.317341562,0.373471618,0.357429615,0.297698448,0.694629712,0.774015965
CA0318-1_2002,brooke et. al. 2022,POINT (-111.414580827171 26.2184921970802),0,3,3,14514,18893,0.768221034,Delta,0.0094,0.015,0.025,0.0146,117.0212766,66.66666667,40,0.00245,0.00268,0.00273,-30.2,-31.3,-34.4,-29.9,-30.9,-34.3,-30.2,-31.2,-34.09,140,0.001,0.424,1.315,0.365853658,0.548780488,0.543902439,0.018083695,0.00262,5.572519084,293.2141351,2.057461366,1.502656895,4.183153433,0.1,1.1,1,1,4.163333333,0.1,4.2,0.1,4.4,0.1,3.89,0.1,41.63333271,0.242887581,0.003480209,1.353495678,TRUE,0.116999909,0.00456265,8.62E-05,1.717847211,0.312510295,0.032907168,0.314238072,0.36921567,1.502656895,0.255813953,0.222222222,0.250626566
CASP1_1991,brooke et. al. 2022,POINT (49.9288182362538 37.4460645708543),0,3,1,91366,95066,0.961079671,Delta,0.0011,0.0016,0.0018,0.001333333,636.3636364,687.5,255.5555556,0.00055,0.00055,0.00047,-25.1,-25.8,-28.1,-25.6,-26.7,-28.6,-25.38,-25.84,-28,155,74.9,313.8,1338.7,0.070631624,0.110992552,0.046415067,0.03262335,0.000523333,2.547770701,1836.45797,0.454739355,0.385867685,7744.973612,9.910575,0.7,1.1,0.46,2.873333333,9.910575,3,9.910575,3,9.910575,2.62,9.910575,0.289925999,0.076013081,0.006278367,0.193663901,FALSE,0.03646036,0.000208167,2.67E-05,0.935218742,0.15612495,0.050955414,0.164229882,0.178485197,0.385867685,0.070631624,0.110992552,0.046415067
CON_001_2013,brooke et. al. 2022,POINT (30.4596184962936 1.25727501036791),0,3,1,100204,102186,0.980603997,Delta,0.0135,0.00105,0.00718,0.011393333,50.37037037,971.4285714,44.56824513,0.001109,0.00021,0.00018,624.18,623.5,622.18,624.22,623.2,622.22,623.69,623.37,621.69,97,197,236,288,0.095877972,0.143816958,0.045119046,0.04935567,0.000499667,22.80186791,1962.516338,22.51016397,11.3275385,1459.150222,7.0923486,0.68,1.02,0.32,2,7.0923486,2,7.0923486,2,7.0923486,2,7.0923486,0.281994036,0.094937992,0.009498503,2.164763557,FALSE,0.053347074,0.003594145,0.00030479,3.126842459,0.315460351,0.609986112,0.686730143,0.987207015,11.3275385,0.095877972,0.143816958,0.045119046
CON_002,brooke et. al. 2022,POINT (29.4538505637586 -0.640707948709366),0,3,1,101849,105921,0.961556254,Delta,0.0015,0.0017,0.002,0.001666667,466.6666667,882.3529412,500,0.00018,0.00013,0.000306,917.6,916.9,916.1,918,916.5,916.5,918,917,916.5,117.5,26,40,57,0.252426677,0.540914308,0.360609539,0.14573861,0.000205333,8.116883117,4682.903834,2.510623972,1.917518489,251.0871898,2.7730825,0.7,1.5,1,1.5,2.7730825,1.5,2.7730825,1.5,2.7730825,1.5,2.7730825,0.540914308,0.384650175,0.028047409,3.122160511,FALSE,0.16640003,0.000145297,5.24E-05,2.093946228,0.087177979,0.255009681,0.26949942,0.309308873,1.917518489,0.252426677,0.540914308,0.360609539
ECN0095_1999,brooke et. al. 2022,POINT (-60.1169896708669 53.7618267466967),1,2,2,50561,51362,0.984404813,Delta,0.0025,0.00216,0.00191,0.002303333,640,277.7777778,471.2041885,0.00139,0.00213,0.00189,-7,-8.6,-8.5,2.5,1.9,1,2.1,1.2,0.6,72,5.558,12.98,37,1.066666667,0.4,0.6,0.342106763,0.001803333,1.277264325,545.8806726,0.19465216,0.168910575,157.0158266,1.4177214,1.6,0.6,0.9,1.5,1.4177214,1.5,1.4177214,1.5,1.4177214,1.5,1.4177214,1.05803581,0.688888889,0.065838477,0.879893202,TRUE,0.32803315,0.000170978,0.00021797,0.244720545,0.074230498,0.120870852,0.141844738,0.152397711,0.168910575,1.066666667,0.4,0.6
G1,valenza et. al. 2020,POINT (145.527 -5.726),0,3,3,65678,330685,0.198611972,Fan,0.006,0.006,0.002,0.004666667,1000,1166.666667,5500,0.00303,0.00304,0.00295,159,153,157.5,160,153,157.5,164,153,161.5,500,46.79,96.162,156.667,3.154060337,2.41187206,3.790084665,0.689787452,0.003006667,1.55210643,66.0571969,0.513624769,0.385916768,753.0943758,0.40230983,6,7,11,2.166666667,0.4023098,1.5,0.40230983,2.5,0.40230983,2.5,0.40230983,5.385567637,3.118672354,0.132749657,4.840511415,TRUE,0.862490009,0.001333333,2.85E-05,0.439612996,0.285714286,0.009472288,0.28587126,0.330921101,0.385916768,3.154060337,2.41187206,3.790084665
G11,valenza et. al. 2020,POINT (146.6991 -6.5762),0,3,3,6767,48328,0.140022347,Fan,0.00349,0.0033,0.0027,0.003226667,5530.08596,5606.060606,3888.888889,0.00626,0.0066,0.00672,81.5,62.2,80.5,82.5,64,81.5,70.5,60,69,500,7.36,13.6,23.6,2.025521622,1.282830361,2.025521622,4.315895496,0.006526667,0.494382022,21.45388361,0.039433661,0.1,96.33584779,0.48109996,19.3,18.5,10.5,1.166666667,0.48109996,1,0.48109996,1,0.48109996,1.5,0.48109996,2.424998453,10.27388612,0.830594476,5.079224597,TRUE,0.838430082,0.000238071,0.00013776,-0.704446736,0.07378232,0.02110723,0.076742074,0.079763541,0.1,13.03085577,12.49071667,5.300085909
G21,valenza et. al. 2020,POINT (139.3009 -4.7231),0,3,3,11044,236165,0.046763915,Fan,0.0075,0.00371,0.0107,0.008566667,1200,2695.41779,1028.037383,0.00428,0.00524,0.01001,87,78,84,90,80,87,80,69,77,752,209.67,325.35,442,2.903225805,3.22580645,3.548387095,0.322580645,0.00651,1.315924219,7.183397081,0.57045988,0.397947572,2323.784535,0.1,9,10,11,3,0.1,3,0.1,3,0.1,3,0.1,29.99999955,3.22580645,0.062080674,4.244916834,TRUE,0.547494899,0.002020234,0.001771807,0.274539247,0.235824953,0.272166972,0.360122575,0.433505115,0.397947572,2.903225805,3.22580645,3.548387095
G6,valenza et. al. 2020,"POINT (135.16649, -3.96488)",0,3,2,11527,83087,0.138734098,Fan,0.008,0.0175,0.01566,0.010553333,750,62.85714286,376.7560664,0.0076,0.00725,0.00485,46.6,40.6,45.6,141.6,140.5,140.5,44.7,38.8,43.7,550,49.14,66.035,78.584,6,1,5.9,2.858321186,0.006566667,1.607106599,21.12702,0.57411194,0.423001671,355.8999588,1.0824869,6,1.1,5.9,1.033333333,1.0824869,1,1.0824869,1.1,1.0824869,1,1.0824869,0.954592027,4.3,0.550084169,6.910558376,FALSE,2.426569243,0.002908906,0.000864259,0.474435419,0.275638585,0.131613118,0.305448265,0.357233266,0.423001671,6,1,5.9
G9,valenza et. al. 2020,POINT (136.3711 -3.0491),0,3,3,7527,70466,0.106817472,Fan,0.032,0.00963,0.02293,0.028976667,234.375,425.7528557,156.9995639,0.00449,0.00488,0.00485,44.5,37,40.5,41.1,37,37.1,33.6,30,29.6,95,17.4,24.2,29.34,1.626361726,0.889077743,0.780653628,0.460174902,0.00474,6.113220816,22.53533165,1.548130646,1.235299612,122.0397974,0.61152023,7.5,4.1,3.6,4,0.61152023,4,0.61152023,4,0.61152023,4,0.61152023,6.541075501,1.098697699,0.088560701,6.716581644,TRUE,0.394238135,0.006496032,0.0001253,1.810453773,0.224181484,0.026434523,0.225734627,0.253243044,1.235299612,1.626361726,0.889077743,0.780653628
H013,edmonds et. al. 2016,POINT (94.87444 27.64193),0,3,2,14662,1216890,0.012048747,Fan,0.0083,0.00094,0.00043,0.005676667,542.1686747,5212.765957,10930.23256,0.00087,0.00088,0.00126,112,107.5,109.5,111.9,107,109.4,111.7,107,109.2,850,14,139,367,1.8,1.96,1.88,0.08,0.001003333,5.657807309,12.00871794,3.356870047,2.106844553,1898.739182,1.8008419,4.5,4.9,4.7,2.5,1.8008419,2.5,1.8008419,2.5,1.8008419,2.5,1.8008419,1.388239557,1.88,0.015396007,10.63667774,TRUE,0.141957688,0.002542599,0.000128366,1.733036416,0.447903573,0.127939332,0.46581765,0.593316432,2.106844553,1.8,1.96,1.88
H3,valenza et. al. 2020,POINT (86.046 26.9138),0,3,3,4154,29946,0.138716356,Fan,0.006,0.0075,0.0066,0.0062,883.3333333,422.6666667,460.6060606,0.00635,0.0073,0.00738,153.8,148.5,151.1,159.17,156,156.47,161.8,158.76,159.1,190,0.129,1.422,4.791,0.870743153,0.614727705,0.609614903,0.424859024,0.00701,0.884450785,19.78835321,0.078152291,0.1,17.04107596,0.28675473,5.3,3.17,3.04,2.7,0.28675473,2.7,0.28675473,2.7,0.28675473,2.7,0.28675473,9.415712253,1.28456034,0.081764157,1.1361304,TRUE,0.140890663,0.00043589,0.000330807,-0.122788409,0.070304822,0.047190741,0.084674282,0.088362509,0.1,1.774501251,1.061352635,1.017827133
JA_26_Ethiopia_1989_2002_2005_2007_1989,brooke et. al. 2022,POINT (36.193231746103 4.71644805248214),0,3,3,15644,24039,0.650775823,Fan,0.00714,0.0058,0.0066,0.00696,1400.560224,1241.37931,1363.636364,0.00833,0.0075,0.0086,444,434,438.5,434,426.8,431.4,440,431,434.6,350,1.759,3.193,5.471,1.740902309,2.531514096,1.594572019,0.504040343,0.008143333,0.85468686,79.91516451,0.061179002,0.1,19.68409989,0.2441477,10,7.2,9,4.5,0.2441477,5.5,0.2441477,2.6,0.2441477,5.4,0.2441477,18.43146564,1.955662808,0.097002609,1.671479305,TRUE,0.508563286,0.000389244,0.000330975,-0.157020122,0.055925903,0.040643675,0.069134759,0.071580604,0.1,1.740902309,2.531514096,1.594572019
JA_30_Eritrea_2007_2007,brooke et. al. 2022,POINT (39.3043664218351 15.8260313985657),0,3,3,45456,53106,0.85594848,Delta,0.00175,0.0022,0.0035,0.002333333,514.2857143,454.5454545,157.1428571,0.00278,0.00271,0.00277,21,20.1,19.8,22,21,20.8,24.55,24,23.35,200,2.844,7.788,15.883,0.429009074,0.476676749,0.200155923,0.112634321,0.002753333,0.847457627,310.8771719,0.213831039,0.170747838,62.65501127,0.8978577,0.9,1,0.55,1.2,0.8978577,1.2,0.8978577,1.2,0.8978577,1.2,0.8978577,1.336514646,0.389286011,0.021676485,0.3299034,TRUE,0.191885111,0.000524669,2.19E-05,-0.165514438,0.224858232,0.007938788,0.224998331,0.252320626,0.170747838,0.429009074,0.476676749,0.262172212
JA_8_India_2004_2004,brooke et. al. 2022,POINT (90.956522282251 26.7831043870666),0,3,1,800,754442,0.001060386,Fan,0.00648,0.00624,0.004,0.005653333,694.4444444,974.3589744,1177.5,0.00243,0.0024,0.00221,104,99.5,102,105.52,99.44,103.5,104.03,99.32,102,480,32.3,339.14,923.219,1.466134309,1.980910356,1.53455391,0.279556105,0.002346667,2.409090909,0.451869034,0.369626687,0.320458722,5172.545222,3.069296,4.5,6.08,4.71,2.016666667,3.069296,2,3.069296,2.02,3.069296,2.03,3.069296,0.657045376,1.660532859,0.053800598,4.000374614,FALSE,0.343686846,0.000789712,6.89E-05,0.87924946,0.139689556,0.029352242,0.142740065,0.153429945,0.320458722,1.466134309,1.980910356,1.53455391
JAVA12_1985,brooke et. al. 2022,POINT (112.5820764904 -6.92009088498762),0,3,1,193151,202651,0.953121376,Delta,0.00125,0.003,0.005,0.0025,384,216.6666667,80,8.00E-05,0.000105,0.0001,2,1.52,0.7,2.15,1.5,0.85,1.9,1.5,0.6,180,86.403,453.486,1102.052,0.040732731,0.055158907,0.033943943,0.010834181,9.50E-05,26.31578947,10032.85659,14.5746905,9.379799089,6269.641773,11.784135,0.48,0.65,0.4,1.3,11.784135,1.3,11.784135,1.3,11.784135,1.3,11.784135,0.110317814,0.043278527,0.002085039,1.138908608,FALSE,0.022821275,0.001083333,7.64E-06,3.270169119,0.433333333,0.080396065,0.440728153,0.553838239,9.379799089,0.040732731,0.055158907,0.033943943
JAVA2_1984,brooke et. al. 2022,POINT (110.583055602978 -6.7492807429905),0,3,1,150987,155005,0.974078256,Delta,0.0056,0.0015,0.00028,0.003826667,51.78571429,280,1535.714286,1.00E-05,0.00012,0.0001,1.65,1.36,0.35,1.82,1.4,0.5,1.76,1.33,0.46,100,5.304,26.697,77.8,0.048010153,0.069531945,0.071187468,0.012930044,7.67E-05,49.91304348,12705.36856,41.90374928,22.77953299,352.0443134,6.040389,0.29,0.42,0.43,1.306666667,6.0403886,1.3,6.040389,1.32,6.040389,1.3,6.040389,0.216321624,0.062909855,0.002488388,3.140022328,FALSE,0.041958132,0.001609016,3.38E-05,3.910282361,0.420474633,0.441256155,0.609512848,0.839535047,22.77953299,0.048010153,0.069531945,0.071187468
JAVA4_1973,brooke et. al. 2022,POINT (109.523087195822 -6.81114551952617),0,3,2,42756,46274,0.923974586,Delta,0.005,0.00285,0.0045,0.004833333,300,561.4035088,311.1111111,0.0016,0.00125,0.0017,2,0.5,-0.3,2.1,0.5,-0.2,1.9,0.5,0,150,14.271,53.139,120.003,0.652173913,0.695652174,0.736842105,0.04233925,0.001516667,3.186813187,609.2140127,0.55937635,0.475850971,563.7212629,1.5863149,1.5,1.6,1.4,2.166666667,1.5863148,2.3,1.5863149,2.3,1.5863149,1.9,1.5863149,1.365849118,0.694889397,0.008148192,2.214482695,TRUE,0.123956534,0.000649573,0.000136423,1.159021416,0.134394312,0.089948932,0.161717783,0.175528441,0.475850971,0.652173913,0.695652174,0.736842105
JAVA7_1982,brooke et. al. 2022,POINT (107.87287682386 -6.21617638133206),0,3,1,79212,82817,0.95647029,Delta,0.001,0.0029,0.00113,0.001043333,1200,172.4137931,796.460177,0.00015,0.00019,0.00076,2.2,1,0.9,1.5,1,0.2,1.9,1,0.6,50,12,60,117,0.269241227,0.112183844,0.20193092,0.078795343,0.000366667,2.845454545,2608.555336,3.462172957,1.561832206,548.4128771,4.4569697,1.2,0.5,0.9,1.3,4.4569697,1.3,4.4569697,1.3,4.4569697,1.3,4.4569697,0.291677996,0.194451997,0.015164171,0.553304319,FALSE,0.086929724,0.000612817,0.000197005,1.045722825,0.587364356,0.53728734,0.796036791,1.2167381,1.561832206,0.269241227,0.112183844,0.20193092
KEN_001_1989,brooke et. al. 2022,POINT (36.032135150521 4.56857783852436),0,3,1,330720,339418,0.974373781,Delta,0.0016,0.00178,0.00066,0.001286667,1512.5,1882.022472,4666.666667,0.00019,0.00033,0.0002,367.42,365,365.42,367.75,364.4,365.75,367.5,364.42,365.5,97,152.815,901.531,2292.207,0.157651409,0.218236454,0.200647247,0.031167745,0.00024,5.361111111,4059.890754,2.087370959,1.502403783,13891.92224,15.350323,2.42,3.35,3.08,2,15.350323,2,15.350323,2,15.350323,2,15.350323,0.13029042,0.19217837,0.005998235,1.030289595,FALSE,0.030600179,0.000347243,4.51E-05,1.67917125,0.269878065,0.187885406,0.328839012,0.389354169,1.502403783,0.157651409,0.218236454,0.200647247
MAHAJAMBA_2004,brooke et. al. 2022,POINT (47.3971630602024 -16.419699687911),3,0,1,4080,219560,0.01858262,Fan,0.0025,0.0024,0.0028,0.0026,1120,1208.333333,1000,0.0016,0.0014,0.0015,57,54.2,55.6,57.6,54.7,55.7,57,54.2,55,500,37.88,310.1,943.11,0.724224048,0.750089193,0.724224048,0.014933248,0.0015,1.733333333,12.38841333,0.107462676,0.10118918,5293.72561,3.866207,2.8,2.9,2.8,1.766666667,3.866207,1.4,3.866207,1.9,3.866207,2,3.866207,0.456950887,0.732845763,0.002873905,1.270265989,FALSE,0.104197916,0.000120185,5.77E-05,0.550046337,0.046225016,0.038490018,0.060151755,0.061997698,0.10118918,0.724224048,0.750089193,0.724224048
MALAWI1_2014,brooke et. al. 2022,POINT (34.5760989448203 -13.886239975018),0,3,1,32038,35253,0.908802088,Delta,0.0028,0.0033,0.00307,0.00289,510.7142857,500,521.1726384,0.000615,0.000875,0.00095,478.7,477.27,476.7,478.75,477.1,476.75,478.6,477,476.6,100,5.15,43.75,128.09,0.257794728,0.297455455,0.288441654,0.020790446,0.000813333,3.553278689,1117.379616,0.511305707,0.44698584,605.1089901,5.547049,1.43,1.65,1.6,2,5.547049,2,5.547049,2,5.547049,2,5.547049,0.360552067,0.281230612,0.004001123,0.999290742,FALSE,0.051819686,0.000144491,0.000101503,1.267870751,0.04999704,0.124798279,0.134440747,0.143896877,0.44698584,0.257794728,0.297455455,0.288441654
MANAMBOLO_2004,brooke et. al. 2022,POINT (44.4284458022806 -19.1854989558794),1,2,1,52307,71882,0.727678696,Delta,0.002,0.00123,0.00173,0.00191,1025,2739.837398,2196.531792,0.00039,0.00069,0.00071,3.35,1.3,-1.35,14.47,11.1,10.47,18,14.2,14,970,15.55,240.543,888.149,0.472963396,0.777505681,0.876712637,0.210397035,0.000596667,3.201117318,1219.573234,0.747399101,0.605926872,4959.442559,4.3343735,2.05,3.37,3.8,4.233333333,4.3343735,4.7,4.3343735,4,4.3343735,4,4.3343735,0.97668864,0.709060572,0.040490928,2.269786076,FALSE,0.195484469,0.000225561,0.000103494,1.163499911,0.11809478,0.173454466,0.209840007,0.233480696,0.605926872,0.472963396,0.777505681,0.876712637
MANGOKY,brooke et. al. 2022,POINT (43.7748085597893 -21.723982342522),0,3,1,54387,108876,0.499531577,Delta,0.00158,0.00183,0.00341,0.00219,3367.088608,1038.251366,1348.973607,0.00065,0.00061,0.00062,52.2,46.88,49.8,34.2,32.3,31.8,38,33.4,35.4,1640,85.3,428.9,1153.4,1.36056923,0.485917582,1.176432041,0.461109572,0.000626667,3.494680851,797.1248569,1.048107457,0.80628918,6587.621838,3.910128,5.32,1.9,4.6,2.466666667,3.9101284,2.4,3.910128,2.4,3.910128,2.6,3.910128,0.630840331,1.007639618,0.088740579,3.521378876,FALSE,0.404187238,0.000572897,1.20E-05,1.251242056,0.261596859,0.019178464,0.262298933,0.299915071,0.80628918,1.36056923,0.485917582,1.176432041
OTHER_AFR,this study,"POINT(37.98242,6.60333)",0,3,2,18875,25000,0.755,Delta,0.003,0.004,0.00375,0.00325,666.6666667,525,1146.666667,0.0024,0.0024,0.002,1182.5,1180.5,1179.5,1184.1,1182,1181.1,1185.3,1181,1182.3,200,13.3,45.9,97.155,0.666666667,0.7,1.433333333,0.433333333,0.002266667,1.433823529,333.0882353,0.166046055,0.148812593,448.1420171,2.113352,2,2.1,4.3,3,2.113352,3,2.113352,3,2.113352,3,2.113352,1.419545781,0.933333333,0.083395039,1.338235294,TRUE,0.367656402,0.000300463,0.000133333,0.360344673,0.092450033,0.058823529,0.109577444,0.11580648,0.148812593,0.666666667,0.7,1.433333333
PI0019_1989,brooke et. al. 2022,POINT (98.5751165683043 1.88540201478152),0,3,2,18007,20455,0.880322659,Delta,0.0068,0.0027,0.0042,0.005933333,602.9411765,703.7037037,500,0.00048,0.001,0.00107,8.2,4.1,5.2,6,4.1,3,6.1,4,3.1,120,45,64.4,87.6,0.833333333,0.963333333,0.7,0.405517502,0.00085,6.980392157,1035.673716,2.421392574,1.797772467,400.4715312,2.548493,4.1,1.9,2.1,3,2.548493,3,2.548493,3,2.548493,3,2.548493,1.177166313,0.9,0.07804188,6.282352941,TRUE,0.139479652,0.001197683,0.0001861,1.943105098,0.201856677,0.218941566,0.297794438,0.346884891,1.797772467,1.366666667,0.633333333,0.7
PI0209_2006,brooke et. al. 2022,POINT (109.056950214583 -6.79891866046221),0,3,1,53679,59946,0.89545591,Delta,0.007,0.001,0.0012,0.005066667,125,1200,1058.333333,0.00025,0.00025,0.0002,2.125,1.25,0.125,1.7,0.5,-0.3,1.77,0.5,0.23,100,25,200,450,0.093480481,0.128201802,0.13568024,0.022517833,0.000233333,21.71428571,3837.668186,10.51289237,7.083460674,2369.511875,9.360243,0.875,1.2,1.27,1.846666667,9.360243,2,9.360243,2,9.360243,1.54,9.360243,0.197288329,0.119120841,0.004333559,2.586623977,FALSE,0.032291586,0.001967514,1.67E-05,3.077970372,0.38832512,0.071428571,0.394839765,0.484146359,7.083460674,0.093480481,0.128201802,0.13568024
PI0769_1982,brooke et. al. 2022,POINT (121.639575862005 14.7623725463011),1,2,2,8532,11167,0.764036894,Delta,0.0013,0.00101,0.00237,0.001656667,1600,3732.673267,843.8818565,0.00109,0.00204,0.00193,50.98,48.9,48.18,8.77,5,6,5,3,2.2,430,31.799,72.466,121.4,0.742857143,1.36101083,0.714285714,0.365418409,0.001686667,0.982213439,452.9863008,0.352315636,0.259304319,570.8540807,1.4669064,2.08,3.77,2,2.79,1.4669064,2.8,1.4669064,2.77,1.4669064,2.8,1.4669064,1.901961806,0.939384562,0.070324806,0.922676141,TRUE,0.310839642,0.000413562,0.000300019,-0.017946643,0.249634868,0.177876592,0.30652512,0.358695598,0.259304319,0.742857143,1.36101083,0.714285714
RUS_002_1988,brooke et. al. 2022,POINT (93.1074214336505 50.461423914392),0,3,3,365634,370648,0.98647234,Delta,0.001,0.0015,0.001,0.001,500,466.6666667,870,0.00025,0.0003,0.00025,718.5,718,717.5,763.5,762.8,762.5,763.73,762.86,762.7,100,0.093,0.346,0.752,0.369749499,0.517649298,0.629400888,0.130244394,0.000266667,3.75,3699.271275,0.730595304,0.611466157,2.279475479,0.35226688,0.5,0.7,0.87,1.01,0.35226688,1,0.35226688,1,0.35226688,1.03,0.35226688,2.867144382,0.505599895,0.025065545,1.895999605,TRUE,0.342793502,0.000166667,1.67E-05,1.32175584,0.166666667,0.0625,0.178000078,0.194825414,0.611466157,0.369749499,0.517649298,0.629400888
RUS_002_1996,brooke et. al. 2022,POINT (93.0771271999232 50.4812434231501),1,2,3,729789,734937,0.992995318,Delta,0.003,0.00045,0.00211,0.002703333,384.7147667,2133.333333,516.5876777,0.00082,0.00048,0.00075,718.3684082,717.2142639,717,764.16,763.2,763.16,764.26,763.17,763.26,50,0.093,0.346,0.752,0.697860055,0.746834562,0.847968409,0.07654963,0.000683333,3.956097561,1453.16388,1.466388852,1.069837141,2.279475479,0.28542525,1.1541443,0.96,1.09,1.122802733,0.28542525,1.3684082,0.28542525,1,0.28542525,1,0.28542525,3.933789144,0.764221009,0.014731983,3.023332868,TRUE,0.456744805,0.000747224,0.000103655,1.375258075,0.276408567,0.151690847,0.315296383,0.370665493,1.069837141,0.697860055,0.746834562,0.847968409
SA0505_1999,brooke et. al. 2022,POINT (-80.4786644818258 -3.54346761714041),0,3,1,33914,40447,0.838479986,Delta,0.0018,0.00275,0.008,0.003866667,761.1111111,1116.363636,145,0.00062,0.00034,0.00059,4.37,3,-1,5.59,2.52,0.2,4.3,3.14,-1.3,100,5.905,57.1,197.25,0.18938456,0.424387299,0.16035481,0.144788448,0.000516667,7.483870968,1622.864489,5.197304283,3.067220022,967.2273938,7.2339582,1.37,3.07,1.16,5.453333333,7.233958,5.37,7.2339582,5.39,7.2339582,5.6,7.2339582,0.753851973,0.258042223,0.02786455,1.931154701,FALSE,0.123830721,0.001927938,8.88E-05,2.012750167,0.498604622,0.171787445,0.527368463,0.694467383,3.067220022,0.18938456,0.424387299,0.16035481
SAMBAO_2004,brooke et. al. 2022,POINT (44.6217192407636 -16.5997596520362),1,2,1,59296,86411,0.686208932,Delta,0.0064,0.00183,0.00168,0.004826667,675.2434242,967.2131148,1404.761905,0.00038,0.00043,0.00041,-1.667247379,-5.988805294,-6.6,10.17,8.4,5.17,10.86,8.5,5.86,97,10.441,117.461,481.9,0.444821489,0.182187547,0.242916729,0.137495547,0.000406667,11.86885246,1687.399013,4.523469246,3.27521568,2552.537408,9.715263,4.321557915,1.77,2.36,4.977584207,9.715263,4.932752621,9.715263,5,9.715263,5,9.715263,0.512346811,0.289975255,0.02646103,3.441673518,FALSE,0.116656289,0.001548939,1.45E-05,2.473917528,0.320912715,0.03572868,0.322895508,0.381121028,3.27521568,0.444821489,0.182187547,0.242916729
SUMA2_2005,brooke et. al. 2022,POINT (96.8546278047531 5.26372884363169),0,3,3,26404,28139,0.938341803,Delta,0.0037,0.01958,0.0122,0.006533333,1432.432432,316.6496425,409.8360656,0.00639,0.00051,0.00102,7.3,2,3.3,7.2,1,3.2,6,1,2,50,3,27,50,0.889741828,1.040830063,0.839379083,0.104838414,0.00264,2.474747475,355.4325011,4.254574011,1.564644565,217.7736033,1.9567841,5.3,6.2,5,4,1.9567841,4,1.9567841,4,1.9567841,4,1.9567841,2.0441703,0.923316991,0.020176162,2.284976393,TRUE,0.116870543,0.00458796,0.001880771,0.90613836,0.702238789,0.712413302,1.000335959,1.719195213,1.564644565,0.889741828,1.040830063,0.839379083
TURK_002_1991,brooke et. al. 2022,POINT (28.5564740426884 40.1434371642974),1,2,1,62473,65643,0.951708484,Delta,0.003,0.00192,0.00422,0.003406667,422.2066733,885.4166667,272.5118483,0.00299,0.00056,0.00039,43.74089752,42.4742775,42,5.9,4.2,4.1,6.4,5.25,4.6,50,21.789,102.799,216.6,0.184802971,0.248034175,0.167787824,0.042283127,0.001313333,2.593908629,724.6511299,2.467586884,1.264585713,1070.729926,6.853894,1.26662002,1.7,1.15,1.780299173,6.8538947,1.74089752,6.853894,1.8,6.853894,1.8,6.853894,0.259750003,0.200208323,0.008137392,0.519322098,FALSE,0.051363534,0.000664363,0.000839768,0.953165861,0.195018401,0.639417629,0.668496134,0.951300619,1.264585713,0.184802971,0.248034175,0.167787824
V11,valenza et. al. 2020,POINT (-71.345 7.1703),0,3,1,90688,1504596,0.060273987,Alluvial Plain,0.0036,0.0035,0.00252,0.00324,219.4444444,700,952.3809524,0.00055,0.00057,0.00056,155.42,154.63,153.9,156.26,153.81,154.7,158,155.6,156.5,110,20,83,150,0.226434121,0.7022324,0.687901127,0.270660053,0.00056,5.785714286,107.6321196,0.652372495,0.586267473,718.3433295,3.4888735,0.79,2.45,2.4,1.526666667,3.4888735,1.52,3.4888735,1.56,3.4888735,1.5,3.4888735,0.43758155,0.538855883,0.052088551,3.117666179,FALSE,0.246718417,0.000344545,5.77E-06,1.755391825,0.106340984,0.010309826,0.106839587,0.11275574,0.586267473,0.226434121,0.7022324,0.687901127
V13,valenza et. al. 2020,POINT (-72.0799 7.5596),0,3,3,967,1484626,0.000651342,Fan,0.004,0.00116,0.00149,0.003163333,870,2586.206897,2281.879195,0.00626,0.00647,0.00696,315.28,311.8,313.1,317.2,314.2,315.2,312.9,309.5,310.9,220,15.421,54.025,208.35,1.127004729,1.024549753,1.161156387,0.070033513,0.006563333,0.481970543,0.099239512,0.159086483,0.119607142,1026.498899,0.9281155,3.48,3,3.4,2.06,0.92811555,2.18,0.9281155,2,0.9281155,2,0.9281155,2.219551226,1.101785219,0.013477956,0.531028021,TRUE,0.197034498,0.000896741,0.000207391,-0.72987228,0.283479772,0.031598457,0.285235418,0.330075115,0.119607142,1.119649516,1.024549753,1.161156387
V7,valenza et. al. 2020,POINT (-71.2565 6.73),3,0,2,77444,1530303,0.050606971,Alluvial Plain,0.0057,0.008,0.00157,0.004323333,350.877193,275,2229.299363,0.00136,0.00068,0.00113,147.8,145.8,145.8,148.2,146,146,151.3,147.8,147.8,57,5,20,35,1,1,1,0,0.001056667,4.09148265,47.89303249,2.483525325,1.545443111,147.8173785,1.903984,2,2.2,3.5,2.566666667,1.903984,2,1.903984,2.2,1.903984,3.5,1.903984,1.348050579,1,0,4.09148265,TRUE,0.113163149,0.001881072,0.000199694,1.40890741,0.4350977,0.188985057,0.47436838,0.606998865,1.545443111,1,1,1
V9,valenza et. al. 2020,POINT (-72.04633 7.03724),0,3,3,12262,1448956,0.008462645,Fan,0.0083,0.00319,0.00279,0.006463333,727.7108434,846.3949843,767.0250896,0.00442,0.00621,0.00537,280.34,274.3,278.34,288,285.3,286,287.6,285.46,285.6,677,65.999,252.519,477.2,2.162933514,0.966874253,0.766337371,0.755121798,0.005333333,1.211875,1.586745938,0.409418126,0.306029541,2525.503771,0.7925038,6.04,2.7,2.14,2,0.7925038,2,0.7925038,2,0.7925038,2,0.7925038,2.523647287,1.298715046,0.145323258,1.573880296,TRUE,0.680784064,0.001773762,0.000517054,0.192168747,0.274434628,0.096947553,0.29105531,0.337838577,0.306029541,2.162933514,0.966874253,0.766337371
VENEZ1_1982,brooke et. al. 2022,POINT (-71.7570852382797 9.33338594775776),1,2,1,205340,214318,0.958108978,Delta,0.0021,0.00837,0.00079,0.001663333,1032.84919,176.8219833,1468.35443,0.00023,0.00019,9.00E-05,-9.896008171,-12.06499147,-12.54879475,3.68,2.2,2,6.38,5.22,4.5,155,371.556,745.209,1333.1,0.187700636,0.128077031,0.1003847,0.044620459,0.00017,9.784313725,5635.935165,30.99689245,7.436840365,7709.783466,11.555546,2.168983299,1.48,1.16,2.07092886,11.555546,2.652786579,11.555546,1.68,11.555546,1.88,11.555546,0.179215149,0.138720789,0.008587211,1.357287721,FALSE,0.042593552,0.002339105,4.16E-05,2.280780463,1.406275411,0.244901882,1.427440879,3.168019068,7.436840365,0.187700636,0.128077031,0.1003847