site_name,avulsion_year,z_p95_q,zlog_p95_q,z_mean_q,zlog_mean_q,z_flood_dur,zlog_flood_dur,av_type,site_area
A001,1987,2.143494914990333,1.4430764364027628,2.5072799030990995,1.9047148808585301,1.7112810846965645,1.054451390004131,fan,South America
A002,1987,1.202725767649178,1.1881987566595984,1.715324185109976,1.5052909871205962,1.9169005302240127,1.310027182457991,fan,South America
A004,2002,-0.726015618,-0.664092723,-0.87646736,-0.903622688,-0.752033952,-1.162990766,fan,South America
A005,1993,-0.24947758,-0.008428693,0.086259446,0.3539034077530569,-0.684279313,-1.02708886,fan,South America
A006,1985,1.8605932030288717,1.4672272171576428,2.044509723355569,1.671379039124331,2.4466937269150897,1.298143561282154,fan,South America
A009,1991,1.0811061077182293,0.8685847280130239,1.715373994,1.324287244025539,1.9429142505622239,1.1940305553186403,fan,South America
A012,2006,0.1505543690022731,0.2308441630359324,0.053622011,0.1516488854629631,0.21560274722983133,0.631117517,fan,South America
A014,2005,0.4039803040200709,0.4194486723436033,0.30340626404185134,0.3535256358830117,0.8170654750099786,0.8848744526937905,fan,South America
A015,1998,1.3827073494337034,1.0176822861337578,0.9896318898894886,0.8722373975981036,1.6724327733819246,1.1186299736009808,fan,South America
A016,1995,0.13229267047009619,0.22880180904690844,0.87524003,0.7901161573336248,0.15056927647698917,0.6140474935941819,fan,South America
A017,1991,1.4589105866167782,1.0581818457985068,2.1817919229194183,1.641126267449925,2.4226834785737927,1.2770479220837454,fan,South America
A018,1997,-0.632012175,-0.570680858,-0.342680598,-0.189422483,-0.706795129,-0.451397216,fan,South America
A020,1989,0.9230363664197772,0.7422400662432628,0.7747542996587505,0.6974706182675847,1.055299365708413,0.9759341823080209,fan,South America
A022,1992,0.5201958838454344,0.6814246872297367,1.8185506208930782,1.7143424545346373,1.8741117018210651,1.1090473638788978,fan,South America
A023,1999,-0.315085175,-0.25715652,0.056206507,0.1625642981591855,-0.368679768,0.24227887835017678,fan,South America
A024,1998,-0.46146075,-0.448821654,-0.004013751,0.098067567,-0.746699285,-0.221479956,fan,South America
A025,1991,0.6055219379095184,0.7661833046102798,1.144053341655016,1.179373363589099,1.8745058609272696,1.104437706135923,fan,South America
A026,2002,-0.734381184,-0.73907462,-0.7885376,-0.769954794,-0.74541375,-0.41163747,fan,South America
A027,1991,1.090438387538907,1.1238589633174842,1.3243910731188662,1.2838280299574307,1.2481585586358899,1.1099164762315725,fan,South America
A028,1993,0.3120499557071459,0.46326202607095834,1.992414510852297,1.7256186739205843,1.7708887407229466,1.1755527697707289,fan,South America
A030,2002,-0.857114274,-0.88611075,-0.551398086,-0.488357812,-0.84560974,-1.221468845,fan,South America
A035,1994,-0.254420249,-0.192540223,-0.174501826,-0.116418162,-0.123434206,0.4637983814873233,fan,South America
A037,1990,-0.088603144,0.049029374,-0.07153659,0.026445682770825953,-0.184508842,0.49275518261344503,fan,South America
A042,1995,1.3760811314863173,1.4331935782650254,1.2015591842478395,1.227619029297782,1.9581851668482844,1.2010859218155303,fan,South America
A044,1991,2.367795519828373,1.814339484532795,2.3669726320321525,1.9516913750764584,2.5574149319818282,1.296569798438252,fan,South America
A045,1992,1.1114455045515979,1.1165459858301605,1.1754245257000466,1.1396864594743827,1.8607748041421737,1.1226285029978422,fan,South America
A047,2002,-0.511625105,-0.330377528,-0.729705802,-0.592401988,-0.955868695,-1.318785064,fan,South America
A048,2000,-0.714352804,-0.77516815,-0.448429899,-0.405423036,-0.793657676,-0.381881692,fan,South America
A049,1992,1.1123691497452832,1.116613510152711,1.1761489990689786,1.1399930200301474,1.8555662352001832,1.1184005899594036,fan,South America
A050,1987,-0.743781643,-0.729466965,-0.934437681,-0.953925299,-0.864977825,-1.209044686,fan,South America
A051,1998,0.020897388,0.1836687257722666,-0.353398737,-0.200012533,-0.014958822,0.49063516262214113,fan,South America
AFR0211.1998,1998,0.22294059396979832,0.4170534711631503,0.054504652,0.23141213058521928,-0.170299263,0.4521011835529027,delta,Africa
ANGO2.2003,2003,0.2457406810933031,0.4552810353242848,0.8287776047057708,0.9366637647269024,0.9502487307934722,0.9426818006368808,delta,Africa
ARG.001.2001,2001,1.2326934693418061,1.0838963362657672,1.5168371583847764,1.3618654607405025,1.5418480469057678,1.036062193889768,delta,South America
B1,1994,0.19586915156906795,0.31425229992692705,0.35327027082389895,0.43883024652976405,0.6470963661840573,0.8202263774792894,fan,South America
B10,1987,-0.057071615,0.036434465,0.5769242393992434,0.6527765700965666,-0.259358777,0.3616628230309514,intra-lobe,South America
B11,2011,0.076250402,0.21011954230489088,-0.818311013,-0.853522871,0.5703073987486343,0.7646767616592433,intra-lobe,South America
B12,1987,-0.393846846,-0.354373757,-0.335460682,-0.262547359,-0.61645368,-0.011047792,intra-lobe,South America
B13,2000,-0.348767676,-0.298199157,-0.493145584,-0.444261126,-0.404315495,0.20860418279037962,intra-lobe,South America
B14,1990,0.4842638608040196,0.5961311344915118,0.5268195456641072,0.6779125049654499,0.46718083488574963,0.7623003852318941,intra-lobe,South America
B15,1991,2.367795519828373,1.814339484532795,2.3669726320321525,1.9516913750764584,2.5574149319818282,1.296569798438252,fan,South America
B2,2005,-0.712336462,-0.669319149,-0.950243416,-0.966958288,-0.899880963,-1.218999298,intra-lobe,South America
B3,2011,1.792165419294692,1.6347456304803964,0.9217615969053603,0.9574632020525323,1.5812580606314541,1.1857965783969833,fan,South America
B4,1994,-0.555248558,-0.503819814,-0.487499709,-0.424463176,-0.843043161,-1.026830211,fan,South America
B6,2007,0.7399002720944204,0.8621668953572782,0.5110189768853607,0.5841150473595713,1.6467832277076548,1.1380652943123581,fan,South America
B7,1994,-0.126766198,-0.045950453,-0.196675432,-0.140638685,-0.183482806,0.39073352377910925,intra-lobe,South America
B8,1998,0.7218070264275916,0.8414991758786087,1.0777816970103598,1.1276211806444834,1.194667522,1.0013367952233407,intra-lobe,South America
B9,2015,3.7524634388026024,3.1493004168984045,2.2689192519457797,2.085779790331546,2.1169397087785153,1.1924570553577478,intra-lobe,South America
BETSIBOKA.2004,2004,1.2841845926938282,0.8789137602657255,1.5077804163622122,1.2534152206570155,1.1142650131189697,0.7141517109376185,fan,Madagascar 
BS0115.1995,1995,0.498601838,0.5909632224170054,0.8255493258220018,0.8463314124752166,1.119293293138489,0.8190598417746833,delta,Central Asia
CA0067.1986,1986,-0.619884876,-0.380883921,-0.479637861,-0.339121724,-0.956793258,-0.80775691,delta,Central America
CA0194.2007,2007,0.7080822020747483,0.5482577958332154,0.5638733707927278,0.5036410162218965,0.4150441974819521,0.6705294448247864,delta,Central America
CA0318.1.2002,2002,2.931611264118958,,2.370500079893812,,1.1306190155277636,1.0379667065336353,delta,Central America
CASP1.1991,1991,0.1201420715572906,0.3953423668847367,-0.586585362,-0.462359677,0.2853285662084084,0.5336689555937443,delta,Central Asia
CON.001.2013,2013,-0.582699628,,-0.48113615,,-0.574241765,-0.260736294,delta,Africa
ECN0095.1999,1999,0.900174533,0.5343213128585655,2.0788574716903097,1.116625713224931,2.316430281320729,1.0637371054113451,delta,North America
FIHERENANA.2001,2001,1.652323009394151,1.0550067736286894,2.374369727,1.3445335619621543,2.2866236765787313,1.0668442140822847,delta,Pacific Islands
G1,2015,1.0274635626460555,1.0004255914832072,0.13802902070358988,0.27858830768558457,1.087140741870858,0.9733268032842236,fan,Pacific Islands
G10,2017,2.4511550868587526,1.977978548994645,3.4423974064310023,3.065052907277073,3.8323853483789265,1.787264807020746,fan,Pacific Islands
G11,2008,0.6962859030494296,0.7475059775357847,0.5300382973564582,0.6748244226297223,0.7235422751682336,0.9146179936421703,fan,Pacific Islands
G12,2010,0.8678881371165245,0.8690221082550669,0.6747797597434801,0.7725382551916249,0.3007352318680515,0.5816472146880086,fan,Pacific Islands
G13,2008,1.0316387214058573,0.9910816536868121,1.1190694813522095,1.0520372226133359,1.1074154837848884,1.0434870584055642,fan,Pacific Islands
G14,2004,-0.332954127,-0.208229335,-0.414367869,-0.27414496,-0.460890881,-0.083887646,fan,Pacific Islands
G15,2003,0.6742055094176486,0.740267592,0.016493692,0.15034639538331723,0.2351120155304096,0.451268018,fan,Pacific Islands
G16,1994,0.13293310536193795,0.22079592476141127,-0.117563788,-0.000739294,0.3400606699351821,0.4738840649250102,fan,Pacific Islands
G17,2016,0.23936942816867443,0.31815073518472303,0.4783954829994129,0.5830392655393343,0.392143587,0.5160860552237935,delta,Pacific Islands
G18,1995,-0.365024997,-0.320624211,0.6075146301140241,0.6785374425296814,0.023065105715696557,0.26048371223942035,fan,Pacific Islands
G19,2015,-0.539990865,-0.484598817,-0.066792293,0.013557561,-0.685620988,-0.291079185,fan,Pacific Islands
G2,2013,1.2747009166525547,1.175041134911755,1.1798001044786037,1.121809498059901,1.151829095938401,0.9258695771251817,fan,Pacific Islands
G20,2008,1.1941030018971721,1.1171719382066214,1.1409954530838655,1.0466144173408054,1.5015227117885745,1.0160152312271757,intra-lobe,Pacific Islands
G21,1995,0.37137727146211746,0.42126163398677735,0.46083621712358563,0.5097198422559822,0.3067380913315732,0.5663879139732233,fan,Pacific Islands
G22,1998,0.7268947185145622,0.7097745696179089,1.375407550671626,1.2128093919719636,1.8160531812586982,1.193434674,intra-lobe,Pacific Islands
G23,2005,-0.073071021,0.014582205092532215,-0.097369451,-0.024552911,-0.416966282,0.034424889, fan,Pacific Islands
G24,2013,0.6270607293522333,0.5584324008492297,0.7562827909932092,0.7399822433658184,0.714257484,0.7125438060595753,fan,Pacific Islands
G25.1,1999,0.7733520438219555,0.5766575204157253,0.4321555254600238,0.4637127368184146,0.674471074,0.4860600291745265,fan,Pacific Islands
G25.2,2007,0.617972552,0.4826459078987626,0.7123907713271004,0.7135462114099953,0.674471074,0.4860600291745265,fan,Pacific Islands
G26,1998,2.1941196170525226,1.673286555809948,1.8192032156166844,1.5438898870742175,1.875409869696424,1.175436031023842,intra-lobe,Pacific Islands
G3,1999,-0.102821392,-0.016813313,-0.384209396,-0.2995892,-0.398550311,-0.043965274,fan,Pacific Islands
G4,1998,0.8173007269212776,0.875955377,-0.384209396,-0.2995892,-0.064355149,0.2618741468647391,fan,Pacific Islands
G5,1997,-0.303985604,-0.056995634,0.36488773503357325,0.408791988,-0.560989865,-0.213104503,fan,Pacific Islands
G6,2005,0.041606504992642505,0.138743254,-0.038479489,0.084048548,-0.227314182,0.1109111947732504,fan,Pacific Islands
G7,2013,1.2748604451827361,0.8230392519683848,0.9901423280138623,0.8521756668206212,1.514942193707886,1.1219824854428757,fan,Pacific Islands
G8,2017,2.0798931482390777,1.5382537377634857,2.194282751,1.8468162037460067,3.2741739964571948,1.7061528007226365,intra-lobe,Pacific Islands
G9,2013,1.3230204872728657,0.9051022775602346,1.611898226744224,1.1704754021719397,1.8009886094447976,1.1933393857657362,fan,Pacific Islands
H001,2008,1.2037095232942512,0.6770422413658262,0.8939957913334128,0.6574584635687529,1.0941280957637014,0.8236081601389658,fan,Himalaya
H002,2000,0.619441793,0.43106788773122146,0.7538565447723031,0.6180914921239385,0.6049423971829716,0.6186042109706907,fan,Himalaya
H005,1998,1.0970309744525961,0.6612266285851133,1.1957719646723706,0.8815951351406379,2.0344334527584254,1.2358138545091977,fan,Himalaya
H006,1997,0.095398952,0.20612787030832644,0.27062616513903226,0.2774073604632071,-0.253393297,0.071169785,fan,Himalaya
H007,2010,1.246713448485167,0.5967360712864483,1.5356489609508333,0.813105883,2.195282028828203,1.1285023887241696,fan,Himalaya
H008,2006,-0.552500784,-0.15208414,-0.573337016,-0.266521618,-0.768941162,-0.303238792,fan,Himalaya
H009,1994,0.334369803,0.2780230772484681,0.408460776,0.3538188986839063,0.20897856614185137,0.4224869441915279,fan,Himalaya
H010,2006,-0.493254686,-0.130775676,-0.440547444,-0.162019498,-0.919251922,-0.494908362,fan,Himalaya
H011,2001,-0.204512073,0.042128166182292905,0.10375627668484509,0.18606884224142667,-0.249077973,0.11530420708441816,fan,Himalaya
H013,1990,0.5345987922621618,0.40806690878558743,1.0392608005951463,0.7345475488506745,0.8206943777973149,0.7861279518185498,fan,Himalaya
H015,1992,-0.935635692,-0.912981538,-0.924976741,-0.935339047,-1.130873716,-1.79977863,fan,Himalaya
H016,2003,-0.309295061,-0.039000649,0.08095794,0.28650097880704734,-0.129663474,0.33537734046431145,fan,Himalaya
H017,2002,-0.23946924,0.035478496,-0.171776514,0.033605431,-0.307606714,0.24468985533999754,fan,Himalaya
H020,2011,0.26045633290210807,0.4279852094616074,0.065899976,0.246452397,0.1465261874553268,0.44239678279151606,fan,Himalaya
H021,2001,0.20151556868697346,0.5850785947339672,0.32249972975175695,0.6443089784081736,0.7656069010735287,0.7307991780986798,fan,Himalaya
H022,2010,3.7063420631031168,1.6770093633765344,3.5684245944551214,1.9357858318260346,2.0758725869231114,1.041170213383495,fan,Himalaya
H023,2003,-0.248589269,0.03678764,0.088423125,0.27729951778247747,-0.144854372,0.27517565015582024,fan,Himalaya
H024,1999,0.024378472,0.5010813633544281,-0.102275917,0.3199814441854561,0.4645231556365772,0.6071303298697551,fan,Himalaya
H025,2006,-0.482007,-0.127461742,-0.416811163,-0.148543758,-0.368916312,0.11931498939404755,fan,Himalaya
H026,2001,-0.23912075,0.024817341355115523,0.2133926214098066,0.24497123368647583,0.082879886,0.2967433096586352,fan,Himalaya
H027,1992,-0.1647592,0.07727663,0.13778215308256078,0.1933202470659681,-0.308241655,0.058852646540928026,fan,Himalaya
H028,2002,-0.449004126,-0.184522503,-0.263747579,-0.077650683,-0.475109205,0.060444437,fan,Himalaya
H029,2001,0.46325724373937116,0.5962826899263748,0.8032461986005058,0.8479142338927423,1.0609245845498276,0.7849422467167196,fan,Himalaya
H030,2001,0.4068696455997612,0.6671705869816431,0.5862624584343951,0.787283116,0.6330067095845773,0.6749073002528329,fan,Himalaya
Indus.2010,2010,1.6727360128495743,1.1605775861295222,0.6231022636167332,0.6597050570518863,0.6561651417098263,0.629476738,delta,Asia
JA.12.Eritrea,2006,1.8415173034359025,1.4182152381297084,0.056982283419876226,0.20213747786835592,-0.04966831,0.4399445342688949,delta,Africa
JA.18.PNG.1994.1994,1994,0.7408512966724177,0.8430943622981677,-0.097029263,0.067743167,-0.014332122,0.43898528486133986,fan,Pacific Islands
JA.25.India.1990,1990,0.15816465802256285,0.2534245428942657,0.8329115999442215,0.5994798673138789,0.2003748990579213,0.43182040029949365,fan,Himalaya
JA.25.India.1996,1996,2.5609712051201994,1.1847307193510723,2.0929733168524014,1.1683015386203275,1.7730142583306974,1.0025759165148744,fan,Himalaya
JA.26.Ethiopia.1988,1988,0.7844347447582556,,0.9906422478744623,0.8173204772444337,2.047451684350437,1.1636845381633427,fan,Africa
JA.26.Ethiopia.1992,1992,-0.359893633,,-0.320919551,0.25497655237344946,-0.073469284,0.44260478578281603,fan,Africa
JA.26.Ethiopia.1998,1998,3.787003286221713,,3.587137437989133,1.2217659171056177,1.6591140423265565,1.0791630729538184,fan,Africa
JA.26.Ethiopia.2002,2002,-0.173989335,,-0.114134247,0.40173809350568257,0.25512410577868216,0.6218528373050813,fan,Africa
JA.26.Ethiopia.2009,2009,-0.778312113,,-0.766124982,-0.493743159,-0.90988882,-0.666641306,fan,Africa
JA.26.Ethiopia.2011,2011,0.6697164492767453,,0.3071106476658115,0.605815345,0.6434617478025623,0.7841409034568957,fan,Africa
JA.28.Eritrea.1997.1997,1997,0.3110855754715666,0.44051356738731146,0.4624462635071981,0.6245744170636748,0.672349701,0.7806353200429756,delta,Africa
JA.30.Eritrea.2007.2007,2007,1.0700532415275814,1.0528319542712974,0.1774621520952432,0.311094611,0.6714087214120416,0.842826525,delta,Africa
JA.34.Morocco.2001.2001,2001,0.015518296,0.220127543,0.09199946,0.2783299594368636,-0.332147088,-0.028876172,delta,Africa
JA.35.Madagascar.2000.2000,2000,0.9732335096618511,0.9734158140729857,1.176220924565987,1.106146858,1.5229130378052698,0.908081171,delta,Madagascar 
JA.36.Eritrea.2005.2005,2005,-0.738960957,-0.72039598,-0.638132604,-0.592486976,-0.466324358,-0.587556662,delta,Africa
JA.37.Somalia.1989.1989,1989,4.483396068894369,2.046352082720985,3.7681463556780526,1.9402047516675935,1.3017679581157036,1.3273166580706486,delta,Africa
JA.38.Madagascar.1994.1994,1994,1.4258166459002057,0.8829087483336312,0.9938080349587237,0.8389280900959426,0.8233853446821525,0.6881215384831928,delta,Madagascar 
JA.4.Kosi.2008.2008,2008,1.1944129375685053,0.6698671282159612,0.887989563,0.6514645710424488,1.1031165993469063,0.8284940176206937,fan,Himalaya
JA.40.NewGuinea.Madang.1989.1989,1989,1.2675945625921026,1.2182077446254032,0.6333727596323923,0.6750712762775017,0.32746165749242634,0.5540180636789463,delta,Pacific Islands
JA.69.PNG.2004,2004,0.10587730105129636,0.20448515155708455,0.34779662126332145,0.4178635917138381,0.056398817,0.3759384553408805,delta,Pacific Islands
JA.69.PNG.2009,2009,0.402090849,0.48137270097397294,0.11009379313205105,0.19297610744244945,-0.098175719,0.2607844152594136,delta,Pacific Islands
JA.8.India.2004.2004,2004,1.011492200394894,0.6075211953436552,1.2752247564061236,0.83675458,0.9905914293979583,0.7215596156800095,fan,Himalaya
JA.82.DeinNewGuinea.2012,2012,0.6821235367717584,0.6975899341709814,1.142437979930891,1.102846167853614,0.7938941309924454,0.7862014397345659,delta,Pacific Islands
JA.91.Peru.1998,1998,3.468869964952838,2.742732677,3.8086480434182297,3.1328334327852727,3.164443901954097,1.3903360802435865,delta,South America
JA.95.PNG.1989.1989,1989,1.6429985033722578,1.4915318764953476,0.6227893697611299,0.6672545976700125,0.5587660619099654,0.6805702430899613,fan,Pacific Islands
JAVA12.1985,1985,1.5217333750445454,1.2379358751734155,1.283275343628601,1.2928225025588176,1.682925586289253,1.1323121062928287,delta,Pacific Islands
JAVA2.1984,1984,1.7733255366606668,1.2264903379184562,1.2752054728141318,1.2431319885231984,0.8258181687897016,0.7294187549208277,delta,Pacific Islands
JAVA3.1992,1992,0.49868633858102335,0.5051423295336147,0.4635575979102192,0.544608981,0.7435508231247702,0.6897572912984131,delta,Pacific Islands
JAVA5.1995,1995,1.2425041798245346,0.9730189067049978,2.184198213182854,1.8512465493030281,2.7504085783184222,1.284207541575484,delta,Pacific Islands
JAVA5.1998,1998,0.6498819397599689,0.5848340553062287,0.8669929841662832,0.8944666429137669,-0.020804906,0.3485847318676676,delta,Pacific Islands
JAVA5.2018,2018,0.19814161253402016,0.2593243617783011,0.5637765540706292,0.6387679137433872,0.24861862716267133,0.49990523318905733,delta,Pacific Islands
JAVA6.2010,2010,1.0882544870838124,0.8788219463225384,2.8894607636648866,2.355918466896288,1.4987520796508662,0.9942924646464673,delta,Pacific Islands
JAVA7.1990,1990,0.015857232,0.1081083476564389,1.0024338832664341,1.0625686775527903,0.1834091652326903,0.36607636090142803,delta,Pacific Islands
JAVA7.2010,2010,1.2027766069739831,0.9735421157463059,3.0261883813507544,2.523129777959773,2.7934626704671275,1.349096057776202,delta,Pacific Islands
JAVA8.2018,2018,0.39923871941618183,0.40122294702779193,0.1077174983252783,0.2334150923845686,-0.220560997,0.2347052467231958,delta,Pacific Islands
JAVA9.2014,2014,1.589410492062081,1.0852544513698452,1.2449528822478555,1.1811937222198672,1.397063977662009,0.9822363021980461,delta,Pacific Islands
KAZ.001.1993,1993,0.7468294030812802,0.8679098825117728,0.8505809442574266,1.0297001850561398,1.3226673642022961,1.1553959824476527,delta,Central Asia
KAZ.014.2011,2011,1.4350088318042729,1.2010902869821822,1.7435566593886886,1.5189012360801037,1.615345788400039,1.1984747645432399,fan,Central Asia
KEN.001.1989,1989,0.4574235993416927,0.36282963079595637,0.035198074171937876,0.12265892182444352,0.43531594258723433,0.6180574828109704,delta,Africa
MAHAJAMBA.2004,2004,1.635541333400457,0.9518064191912825,1.6223443344841897,1.2081247504307404,1.5521953383984828,0.8132865375476028,fan,Madagascar 
MALAWI1.2014,2014,1.129419196461926,1.1948246847928454,0.6534004441502498,0.7954636440763699,1.0607573975643785,0.7852816815654259,fan,Africa
MANAMBOLO.2004,2004,0.9649535227120648,0.7175216465540255,1.104593353088695,0.9701050429591727,1.9068214420530594,0.9977431118892455,delta,Madagascar 
PI0019.1989,1989,-0.048541957,0.079326363,0.7498911687631157,0.7390396058001945,-0.107433958,0.24543688299754723,delta,Pacific Islands
PI0209.2006,2006,-0.024810387,0.072452558,-0.794271768,-0.818554519,0.13459361277936907,0.4347526810927636,delta,Pacific Islands
PI0269.1.1996,1996,0.4829068777038176,0.5491856642620583,0.38828889952211365,0.5283811086685403,0.38405814377155767,0.6518760848763998,fan,Pacific Islands
PI0354.2002,2002,0.5001880714224884,0.49665480199841605,0.7870403165216263,0.7850271275699375,0.3106635503695368,0.6622629247267884,fan,Pacific Islands
PI0801.1.2007,2007,0.3986338131000376,0.43241389512591255,0.2635072954707003,0.33235413148479964,-0.16748603,0.11319710159106346,delta,Pacific Islands
PNG.010.2011,2011,1.047469326507072,1.0271442866781302,1.1283021994917823,1.1076511995976592,1.7780368511438074,1.211002198976336,fan,Pacific Islands
PNG0066.1.2003,2003,-0.699035669,-0.594573925,-0.675556266,-0.549172025,-0.814182091,-0.763490141,fan,Pacific Islands
PNG0069.1991,1991,-0.483922219,-0.388921972,-0.61400228,-0.512122786,-0.656260337,-0.467095942,fan,Pacific Islands
R1,2000,1.6392878867904175,1.3364986077750296,1.6330113356832676,1.375248740694307,2.0474249526075328,1.1394090133601467,retrogradational,Pacific Islands
R10.1,1986,-0.149070918,0.023719879174706894,-0.22595348,-0.106003986,0.24959644698358963,0.6661440053995707,retrogradational,South America
R10.2,1995,0.3123222274617036,0.5001830778180658,0.011384737513011469,0.2161770375944779,0.657454364,0.8091979880234116,retrogradational,South America
R10.3,2008,1.0080165793437765,1.0864329708254523,0.34786069858033314,0.6162300322522752,1.8518954047489053,1.0878504214259164,retrogradational,South America
R11.1,1984,0.1192751074037106,0.35119107859141946,0.23098717998960133,0.5573279929818936,0.3393508443004906,0.7228761082996006,retrogradational,South America
R11.2,1990,0.2349137759280218,0.4531351720013641,-0.097383218,0.1713672981527707,0.2872315705364896,0.704240089,retrogradational,South America
R11.3,2000,-0.749113098,-0.632588796,-0.540828794,-0.554391675,-0.96307056,-1.356689954,retrogradational,South America
R12,1985,-0.046861664,0.1867672300562534,0.036917686,0.31977281932940854,0.28441542094602185,0.6998671751956983,retrogradational,South America
R14,1989,0.5246590471767528,0.6896190562730031,-0.002148462,0.22150721072625063,0.3240768438699298,0.7080251661439958,retrogradational,South America
R15,2005,0.2363365888348957,0.3465495388877574,-0.326328918,-0.329529755,0.24167367367985937,0.5595476469778631,retrogradational,South America
R16.2,1992,-0.101088933,0.020966264,0.25499520493350997,0.449285733,0.48269458786853775,0.7069828042986344,retrogradational,South America
R16.3,2011,3.578780013,2.781218261543405,1.4151441029776404,1.608033069802172,2.1687501587799685,1.1056342695981793,retrogradational,South America
R17.1,1984,0.5705820613968208,0.6955497354143649,0.9294263467608266,1.163875166432902,1.0447131115056814,0.8733693879024971,retrogradational,South America
R17.2,2006,-0.200316886,-0.082595796,0.036292244,0.19603433832502273,0.11678439175290792,0.5726213108022105,retrogradational,South America
R18,1984,0.9831873754859166,1.0228228885744772,1.0231215889399456,1.045177759367044,0.44336310524683803,0.7486194093830023,retrogradational,South America
R19.2,1986,-0.34271879,-0.241044987,-0.129218411,-0.002159466,-0.49822158,0.18476184990017505,retrogradational,South America
R19.3,2012,1.4047017583339632,1.3540681393013574,0.48111783926370827,0.5894797199841475,1.5595494111428627,1.0372241906132338,retrogradational,South America
R2.1,1988,-0.380998107,-0.337108041,-0.123626369,-0.022475931,-0.273598237,0.029657051324179402,retrogradational,Pacific Islands
R2.2,2002,-0.800793605,-0.798826904,-0.892124077,-0.894936201,-0.718028544,-0.42531709,retrogradational,Pacific Islands
R2.3,2014,1.1356958129733166,1.1417536589297834,0.8860863049677218,0.9207992216557044,1.3065984104153372,0.9704610261137798,retrogradational,Pacific Islands
R20.1,1984,1.1870606076231773,1.1879901317966448,1.1999563204123191,1.182686110358816,0.5306639155300379,0.7631999302322944,retrogradational,South America
R20.2,1990,-0.256212823,-0.144351239,0.35007004574225625,0.4702200210108174,-0.298160511,0.3554575552585482,retrogradational,South America
R20.3,1996,-0.201496059,-0.083048273,-0.221331634,-0.097311033,-0.012456594,0.5300255065479301,retrogradational,South America
R20.4,2015,1.8796981631372598,1.6933339572520234,1.538674108510127,1.4321892682431936,2.1311524642610986,1.1453428487636848,retrogradational,South America
R21.1,1984,1.1870606076231773,1.1879901317966448,1.1999563204123191,1.182686110358816,0.5306639155300379,0.7631999302322944,retrogradational,South America
R21.2,2012,1.4559085000982483,1.381175255429542,0.32419415033351234,0.4272870627808382,1.4562797352340016,1.008070780312284,retrogradational,South America
R22.1,1984,1.6707758747143184,1.5466648074795004,1.5038641771484342,1.4413128174661058,0.6326248520352291,0.7930950415630309,retrogradational,South America
R22.2,2004,1.1736345083657753,1.166571565803198,-0.159067588,-0.059488828,0.39767258578375125,0.7119585978208786,retrogradational,South America
R23.1,1984,1.8099457094716225,1.6483389730611877,1.5853458880213975,1.5072548367492327,0.7578093754673598,0.8263313377415837,retrogradational,South America
R23.2,1984,1.8884146235858494,1.6921941956331898,1.3892547372381774,1.411572321017074,0.6894599401771754,0.774535773,retrogradational,South America
R23.3,2014,1.9435408879458083,1.743975168402925,0.916348001,0.9631601266193326,1.2638200943303846,0.9536069395375896,retrogradational,South America
R23.4,2016,0.6812594118165398,0.7271991924632913,0.8400188499702811,0.9285263427188111,0.9126725958095359,0.8356422500871451,retrogradational,South America
R24.1,1984,1.8884146235858494,1.6921941956331898,1.3892547372381774,1.411572321017074,0.6894599401771754,0.774535773,retrogradational,South America
R24.2,2003,-0.827827834,-0.80009958,-0.802001069,-0.845338799,-1.128128827,-1.403014633,retrogradational,South America
R24.3,2012,1.3903223517161951,1.3124225443752289,-0.010951073,0.099632097,1.3059119971552395,0.9338252073683916,retrogradational,South America
R24.4,2014,1.8580495423216041,1.6699791440261769,0.8351208449359174,0.9240173224756637,1.3909854293074513,0.9469959082755597,retrogradational,South America
R25,1984,1.8625536079398446,1.666227740687242,1.2488631374055619,1.363625776198496,0.7232737159404514,0.8139017197986992,retrogradational,South America
R26,2009,0.8269562028947929,0.9333888590892735,-0.199854359,-0.122727885,1.0466807800170628,0.9303039814973538,retrogradational,South America
R27,2006,0.4784905554836211,0.5628004241619002,-0.023038265,0.12874366077465182,0.46953968358625786,0.7471983850203692,retrogradational,South America
R28.1,1993,0.6889329713448425,0.7509349542812565,1.1892889804745652,1.3262899263869978,1.692854321315704,1.0645691428380148,retrogradational,South America
R28.2,1993,0.6889329713448425,0.7509349542812565,1.1892889804745652,1.3262899263869978,1.692854321315704,1.0645691428380148,retrogradational,South America
R3.1,1988,0.7332520745950094,0.7499635032890889,-0.336765805,-0.275207228,0.6362694823758636,0.6320809625394775,retrogradational,Pacific Islands
R3.2,2002,-0.677075016,-0.615552229,-0.954806482,-0.981142058,-0.279966661,0.051386889,retrogradational,Pacific Islands
R30.1,1984,-0.278435034,-0.150372051,0.4449247760899197,0.5858644131835855,-0.367639165,0.2678454243996611,retrogradational,South America
R30.2,2011,0.6704630708835909,0.7664928651250517,-0.42187419,-0.304097631,0.5194901247696918,0.7369651259308705,retrogradational,South America
R31,1984,-0.296007619,-0.173754417,0.40309284124289907,0.5537697558602541,-0.459710149,0.16289596080219262,retrogradational,South America
R32.1,1984,-0.44770213,-0.366297612,0.324688748,0.46164509220440136,-0.752426509,-0.183075279,retrogradational,South America
R32.2,2012,0.42323700952436133,0.5476918614999727,-0.311479675,-0.20129,0.20970638500998479,0.5850680870545896,retrogradational,South America
R33,1986,0.058544116,0.20799928527617892,0.10901742285827466,0.25012687572096287,0.6735330984134007,0.7628883062175644,retrogradational,South America
R34.1,2002,-1.149988239,-1.406157908,-1.156634766,-1.28371201,-1.029485819,-1.779509702,retrogradational,South America
R34.2,2012,-0.036264153,0.068120282,-0.546893724,-0.518663387,0.274007632,0.6402970826063854,retrogradational,South America
R35.2,1990,0.5224503682472413,0.6524965818224925,1.3722036927887926,1.2746262753813764,1.5827716046744555,1.036578373273005,retrogradational,South America
R36,1984,0.8869115369742029,0.8879324480271457,1.3204057652408585,1.2423472850356403,0.7663834573922478,0.9637681023332982,retrogradational,South America
R37,1984,0.80201693,0.8000369080679206,1.1397610813338757,1.1033180639506805,0.6503983346017979,0.8590637389248184,retrogradational,South America
R41,1989,1.5942068686668487,1.4873819764204435,0.7788301504946212,0.8312150131838554,0.7884575757775328,0.753717889,retrogradational,Pacific Islands
R42,2004,0.1882284807011289,0.2732661949994012,-0.074900836,-0.002497827,-0.143165778,0.24154240117332942,retrogradational,Pacific Islands
R43,1992,0.47926514721255437,0.544665036,-0.018860731,0.046492444728197364,0.14876534392023916,0.4768816873849776,retrogradational,Pacific Islands
R44,1989,-0.087082676,-0.027119496,-0.382573473,-0.340973617,-0.018480937,0.3385759741433032,retrogradational,Pacific Islands
R45,1987,-0.027879002,0.067229647,-0.858253494,-0.915575034,0.020836033321220637,0.30892193660206824,retrogradational,Pacific Islands
R46,1993,0.7656697663027294,0.8591498467003514,1.4490267917945665,1.5346590934823814,0.9181208303890733,0.9076566506611128,retrogradational,South America
R48,2002,-0.577885479,-0.51855944,-0.466955537,-0.417530481,-0.683690909,-0.075402505,retrogradational,South America
R49,2000,-1.454109898,-1.515212508,-1.254664947,-1.538884015,-1.239518122,-1.022870598,retrogradational,South America
R5,1995,0.26784834129349433,0.3233888565794908,0.5333197413717962,0.6261021202582858,0.073513207,0.33068378339480686,retrogradational,Pacific Islands
R51,1993,0.2598997720880811,0.32117791033487364,0.8617716993501866,0.8864379867622665,0.6154389418818897,0.7518519105111603,retrogradational,South America
R52.1,1984,1.8761454074661315,1.6746791673305053,1.279181218264936,1.3887115830430747,0.7217090528806834,0.8125577365549779,retrogradational,South America
R52.2,2012,1.1716475411166076,1.1395802101691908,-0.177926855,-0.0942237,1.1742024675698395,0.928709662,retrogradational,South America
R53,2001,0.075728675,0.15823567259365506,-0.104175048,-0.039217487,-0.118128927,0.23869384200624802,retrogradational,South America
R6,2006,1.7300474673948798,1.5602501516896283,1.1823837882990191,1.1726813862156122,1.6961477119035733,1.0561859348289184,retrogradational,Pacific Islands
R7,2006,1.6439330092562823,1.4919322767788734,1.1660925773751332,1.1583156543952846,1.6907254964006577,1.0578570481828453,retrogradational,Pacific Islands
RUS.002.1988,1988,0.7267756323725809,0.6254918100808509,0.8760133837335211,0.7830586940050571,0.9146364777903689,0.9062491032002384,delta,Asia
RUS.002.1996,1996,0.9814388556889352,0.745957824,1.0569058944204237,0.88122999,1.2285577563908794,1.0099684254955716,delta,Asia
SA0210.1996,1996,-0.612381985,-0.778518335,-0.624368344,-0.677471693,-0.609474117,-0.74346885,delta,South America
SA0505.1999,1999,3.227452807,2.3794584361531514,2.664535163327595,2.396091032162614,2.334998232894478,1.4435945878601337,delta,South America
SAMBAO.2004,2004,2.235458019960633,0.8527853161926299,2.1283289920185235,0.9578730798179712,1.2492505657284985,0.8102550680910182,delta,Pacific Islands
SUMA2.2005,2005,0.7835297831656562,0.8218361181167178,-0.209554961,-0.149437842,0.27466441857485346,0.43799070065929707,delta,Pacific Islands
Sulengguole.1990,1990,4.165347590731704,2.1812512223025995,4.021859339322479,2.531123691424343,2.896977718232161,1.3232515973624608,delta,Asia
Sulengguole.1997,1997,-0.181272566,0.12900385549119195,-0.027366582,0.24136841281427943,0.39118296474384034,0.5660598744679931,delta,Asia
Sulengguole.2003,2003,0.5632920929976281,0.7803375914088205,0.3574719975376448,0.6307506597018195,0.3163831213561293,0.5288988391243451,delta,Asia
Sulengguole.2007,2007,-0.142717588,0.17186409485893916,-0.068477233,0.19441791191044583,-0.244615704,0.18240086450940268,delta,Asia
Sulengguole.2008,2008,-0.262067924,0.034420677437476774,-0.068477233,0.19441791191044583,-0.244615704,0.18240086450940268,delta,Asia
TKMN.001.2008,2008,-0.765284045,,-0.965773624,,-0.92734888,-0.713018589,fan,Central Asia
TURK.001.1993,1993,1.7163805283341065,,1.9080608991580525,,1.8775777459687126,0.971117972,delta,Central Asia
TURK.002.1991,1991,-0.1965974,-0.057305375,-0.239038544,-0.111987583,-0.18353552,0.1678594566829466,delta,Central Asia
UZB.001.1994,1994,2.1017127165261784,1.4796102547902086,2.156307488658589,1.5616100775210102,1.4449384335332258,1.0662379381399876,delta,Central Asia
V1,1998,1.0183529864183365,0.8544258073132343,0.5593174099598989,0.5364551300359338,0.7907487022552371,0.7422940334607476,fan,South America
V10,1997,0.9023848150289304,0.7397605419866018,0.12810181974894308,0.21001345150009837,0.42877197404193373,0.7404800905856724,fan,South America
V11,2017,0.046568238222190736,0.21734944939403117,-0.038279206,0.1049087257846916,-0.163862107,0.44528914542261616,intra-lobe,South America
V12.1,1997,-0.277521276,-0.092248281,-0.352683801,-0.199194412,-0.50457228,0.082785857,fan,South America
V12.2,2011,3.935203236745197,2.3525734674997887,3.147280402317719,2.1680577629509106,3.114961527198104,1.3646218625314404,fan,South America
V12.3,2016,0.24446428599887265,0.3768262891230379,0.047378672,0.1745445850271823,0.17579121723739005,0.607613025,fan,South America
V13,2000,0.24827254302863694,0.3746224274990806,0.046111484,0.17153098448981316,-0.23634938,0.3333081999435955,fan,South America
V14,2016,-0.459087098,-0.170816966,-0.578571182,-0.33331775,-0.631132357,-0.258727965,intra-lobe,South America
V4,2009,-0.13248371,0.027578843587249498,-0.24413604,-0.128605571,-0.378066381,0.31974631667552345,fan,South America
V5.1,1991,1.0189077066548957,0.8455758383803156,1.1695463794941643,1.0588934281743827,1.0019288182198103,0.8810039900195885,fan,South America
V5.2,1998,1.2456519482420418,1.1588189050394995,0.40644920192265804,0.47496052582230525,0.9088465614620874,0.919269439,fan,South America
V6,2012,2.5822379033447005,1.9395203987844585,2.613674830593178,2.1036945203872035,2.4299532459123663,1.2293132068433743,fan,South America
V7,2010,-0.089283513,0.057847919027410336,0.053686518,0.15589885386671468,-0.496346159,0.072249778,intra-lobe,South America
V8,2011,1.465150152390401,0.9899165166739712,1.076880440757315,0.8868838870076945,1.3133418576326419,0.974018011,fan,South America
V9,2011,1.687729448,1.1820964551785864,1.226552162154205,1.0374439855517354,1.1498884758397314,0.9860512676075457,fan,South America
VENEZ2.1986,1986,1.0655067860408238,0.6189978499632497,0.9722540972001104,0.6890442607391978,1.096554620144057,1.0380319451372575,delta,South America
VENEZ2.2009,2009,0.33864808587498735,0.30139858574317735,0.42443834461748015,0.38896441944327054,0.013449804143181079,0.40787539308704107,delta,South America