site_name,avulsion_year,p95_zscore,p95_mean,mean_zscore,med_zscore,av_type,site_lat,site_lon,site_area
H001,2008,0.17187135581013321,231.48979982571424,0.387412931209539,0.7121241806993106,fan,26.5955,87.0109,Asia
H002,2000,0.6314543080168359,113.43485092638883,0.7520328883398173,0.6126561689473266,fan,28.0239,95.439,Asia
H006,1997,0.46542235035367385,150.07076902222212,0.13764330225370378,-0.13645274734780138,fan,26.4924,96.7136,Asia
H007,2010,0.5211934166702147,165.33546462285707,0.7492398048305827,0.9076298927225099,fan,26.8274,88.9309,Asia
H009,1994,2.3150906705736873,87.32507880333328,1.9286976240670757,0.9773279305505025,fan,27.4208,94.2478,Asia
H011,2001,0.42394007328537137,81.0471781428571,1.722387124842074,2.032893013167919,fan,26.7187,89.7586,Asia
H013,1990,-0.7252499433989267,118.50015826249995,-0.47944636987074424,0.36122632176680536,fan,27.6664,94.8595,Asia
H027,1992,-0.32991714770807823,165.33546462285707,-0.11565763501962877,-0.5213260742538682,fan,26.8423,88.9466,Asia
JA.4.Kosi.2008.2008,2008,0.17187135581013321,231.48979982571424,0.387412931209539,0.7121241806993106,fan,26.600541,87.010028,Asia
JA.8.India.2004.2004,2004,1.057107585022422,86.86080520735291,0.6681266354920408,0.21010079299434586,fan,26.783104,90.956522,Asia
KAZ.014.2011,2011,0.9635377127239001,173.94944609729723,0.4424966473924145,0.1257497496731883,fan,46.104023,60.864246,Central Asia
RUS.002.1988,1988,1.21620167583452,60.16941697916666,0.6150468195413333,0.4239962182521229,delta,50.461424,93.107421,Asia
RUS.002.1996,1996,-0.504839069469407,60.16941697916666,-0.6338147544272146,-0.44350181646604714,delta,50.481243,93.077127,Asia
AFR0211.1998,1998,0.5055211595834787,338.38267405999994,0.44561998400646613,-0.5170372781904682,delta,-12.45042,13.48999,Africa
BETSIBOKA.2004,2004,0.22227645195502627,332.347307132857,0.1886544856383435,-0.11203966368972763,fan,-16.79922,46.93067,Tropical Island
FIHERENANA.2001,2001,0.0015338925450387566,524.0184319999998,-0.5969710893323499,-0.7125183274583158,delta,-23.30676,43.65592,Tropical Island
JA.34.Morocco.2001.2001,2001,-0.5486099296449174,85.7520550723684,-0.4609138556556772,-0.06484432495520033,delta,35.314136,-4.973272,Africa
JA.38.Madagascar.1994.1994,1994,-0.34512193719982803,441.0779870151515,-0.686970365592889,-1.0205043248646926,delta,-20.48389,44.163135,Tropical Island
KEN.001.1989,1989,-0.6294350464051687,600.6828744565788,-0.3972624661482485,0.5463336056838295,delta,4.5685778,36.032135,Africa
MAHAJAMBA.2004,2004,1.9106718213209108,248.08801817647048,0.7186822161616515,-0.502245044726352,fan,-16.4197,47.397163,Tropical Island
MALAWI1.2014,2014,0.6188829468353454,143.77308836486483,0.21234586142085352,-0.17058053331946257,fan,-13.88624,34.576099,Africa
MANAMBOLO.2004,2004,-0.35215497919976246,369.569180985294,-0.42323224488475114,-0.026333188071767454,delta,-19.1855,44.428446,Tropical Island
SAMBAO.2004,2004,-0.39054275760153007,222.7225989411764,-1.0626030555939379,-0.7870359828032133,delta,-16.59976,44.621719,Tropical Island
G1,2015,-0.44287346833721974,530.3742966285712,-0.7482329365700608,-0.5370753613246136,fan,-5.726,145.527,Tropical Island
G11,2008,-0.06799554862197339,690.313826,-0.1517993907215358,0.28180396232524607,fan,-6.5762,146.6991,Tropical Island
G2,2013,1.0141170599193234,536.9649482057142,0.6226529459591013,0.6625359553402914,fan,-5.1578,144.7887,Tropical Island
G21,1995,0.4648577329501555,447.7596438703703,1.8467647986310114,1.9586443102137,fan,-4.7231,139.3009,Tropical Island
JA.40.NewGuinea.Madang.1989.1989,1989,0.08769405342802125,54.33290711406249,-0.002866971930480798,-0.2324417922655725,delta,-5.509766,145.89913,Tropical Island
JAVA3.1992,1992,0.30082266101794763,162.23024121515147,0.5024885681926339,0.5959568146563778,delta,-6.854915,110.17566,Tropical Island
PI0019.1989,1989,2.495683198368682,135.59601586060603,0.8805789278090058,-0.11341789233563462,delta,1.885402,98.575117,Tropical Island
PI0801.1.2007,2007,-0.5742049282944538,95.66748157058821,-0.5171294034117649,-0.5281001837627777,delta,12.744353,120.81316,Tropical Island
PNG.010.2011,2011,-0.4271625537433916,201.80184670999992,0.3000686408639732,0.788562160426168,fan,-6.470433,146.55624,Tropical Island
SUMA2.2005,2005,1.7611617238868387,136.6913462340909,1.126543500202658,0.38679347263566777,delta,5.2637288,96.854628,Tropical Island
A002,1987,-1.4200229486237086,201.95644137999994,-1.59025845200158,-1.3337023998316646,fan,4.0451,-73.7608,South America
A004,2002,0.20330362155411022,209.37894520666666,-0.158328700361856,-0.2789129263958579,fan,3.9769,-73.3943,South America
A012,2006,0.089763808551053,575.6729263709676,-0.018746381911262513,-0.1680822637237008,fan,7.4123,-68.5536,South America
A014,2005,-0.6299348009105686,199.5004803480769,-0.8002419799231787,-0.8700892028237105,fan,7.0341,-72.0334,South America
A018,1997,-0.43817069980551726,80.61394974967742,0.12033205606676735,0.6620785052435185,fan,3.7613,-73.8341,South America
A024,1998,-0.5047194497341492,156.1165941689189,-0.5401015406399909,-0.2735435614459495,fan,-16.0667,-66.1576,South America
A027,1991,-0.8169034421478324,124.58062569594593,-0.8061619931971435,-0.4982903782987856,fan,-17.3709,-64.2165,South America
A030,2002,1.8248984165830817,124.58062569594593,0.09844594028983857,-0.7854124421821036,fan,-17.3597,-64.2268,South America
A035,1994,-0.45488762985326864,384.82702960131576,-0.2647738564845814,0.1234474146486634,fan,-16.2747,-65.2037,South America
A042,1995,0.6549514480202923,246.86086503243234,-0.22615623946072763,-0.6159336857653365,fan,-16.9553,-65.3332,South America
A045,1992,0.7927855398365483,828.6792150131579,1.271964091983482,1.5548843818228237,fan,-17.0743,-62.9938,South America
A047,2002,1.2616945186791737,438.97123435384617,1.0596935664842102,1.1269398821007204,fan,7.5564,-72.0621,South America
A049,1992,0.9922723976211058,653.2704568500001,0.9043559981247833,1.018218408922761,fan,-16.969,-62.998,South America
A050,1987,-0.2530432362993859,148.26672862432432,0.027553681563144226,-0.09979000271516925,fan,-17.3124,-64.2018,South America
A051,1998,-1.4039376970182604,438.97123435384617,-1.027602950297019,-0.7528382718488441,fan,7.5577,-72.0744,South America
ARG.001.2001,2001,0.9260518980539184,285.60017347631566,0.625316549996143,0.9567835805745732,delta,-27.42641,-65.11226,South America
B1,1994,0.5398046580157315,828.6792150131579,0.30891297795382566,-0.037558259647375476,fan,-17.0815,-62.9795,South America
B10,1987,-0.6107769902305582,384.82702960131576,-0.4308102301263537,0.2224247132510278,intra-lobe,-16.2728,-65.2038,South America
B11,2011,-0.5470412847394779,156.1165941689189,-0.7098919400925041,-0.625791945986291,intra-lobe,-16.0662,-66.1572,South America
B3,2011,-0.0074643219538005744,124.58062569594593,0.018980664847829253,0.4137166470264407,fan,-17.3714,-64.2165,South America
B6,2007,-0.9139679884075171,246.86086503243234,-0.7321243293621268,-0.37760702296269577,fan,-16.9729,-65.3985,South America
R48,2002,1.6810003192372025,283.4675590128571,1.7274987462774978,1.1506062898563947,retrogradational,-11.864,-71.385,South America
R49,2000,0.4925724850938147,494.73381332894724,-0.2273708601202461,-0.30924458552943723,retrogradational,-12.2393,-70.9148,South America
SA0505.1999,1999,1.240759637031096,305.85657995161284,0.43556100420456045,-0.3021247147101816,delta,-3.543468,-80.47866,South America
V13,2000,0.1981294679899607,438.97123435384617,-0.3345762625304938,-0.6904524331675049,fan,7.5596,-72.0799,South America
V4,2009,-0.24910817037553362,134.46182915903222,-0.49539733468575675,-0.4437993213074216,fan,3.504,-73.8759,South America
V5.2,1998,1.16417262339599,88.51687206612903,0.9621069996989016,0.8340975651692626,fan,6.1934,-71.778,South America
V6,2012,0.3256622344101093,88.51687206612903,0.22700939706504805,0.5567057561470599,fan,6.1934,-71.778,South America
V9,2011,1.651410535628382,199.5004803480769,1.0587968360918065,0.9058170025278721,fan,7.03724,-72.04633,South America
